doc_id,token,bio_label
1,Оплата,B-PAYMENT_TYPE
1,за,B-PURPOSE
1,оборудование,I-PURPOSE
1,для,I-PURPOSE
1,оснащения,I-PURPOSE
1,Центров,I-PURPOSE
1,для,I-PURPOSE
1,детей,I-PURPOSE
1,с,I-PURPOSE
1,аутизмом,I-PURPOSE
1,ТОО,B-ORG
1,"""Royal",I-ORG
1,Engineering,I-ORG
1,"Kazakhstan"",",I-ORG
1,Договор,O
1,поставки,O
1,№РАС-6-12,O
1,от,O
1,27.12.2022г.,O
2,Оплата,B-PAYMENT_TYPE
2,за,B-PURPOSE
2,изготовление,I-PURPOSE
2,инновационных,I-PURPOSE
2,протезно-ортопедических,I-PURPOSE
2,изделий,I-PURPOSE
2,для,I-PURPOSE
2,5-х,I-PURPOSE
2,детей,I-PURPOSE
2,и,I-PURPOSE
2,молодежи,I-PURPOSE
2,с,I-PURPOSE
2,инвалидностью,I-PURPOSE
2,(14-29,I-PURPOSE
2,лет),I-PURPOSE
2,-,O
2,ТОО,B-ORG
2,"""Фармас"",",I-ORG
2,Договор,O
2,№09-5,O
2,от,O
2,20.05.2022г.,O
3,Образовательные,B-PURPOSE
3,гранты,B-PAYMENT_TYPE
3,ОФ,B-ORG
3,«Қазақстан,I-ORG
3,халқына»,I-ORG
3,и,O
3,стипендии,B-PAYMENT_TYPE
3,студентам,B-PURPOSE
3,АО,B-ORG
3,"""Университет",I-ORG
3,КАЗГЮУ,I-ORG
3,им.,I-ORG
3,М.С.,I-ORG
3,"Нарикбаева»,",I-ORG
3,Доп.соглаш.1,O
3,к,O
3,Договор,O
3,№09-02-55/60,O
3,от,O
3,28.10.2022г.,O
4,Оплата,B-PAYMENT_TYPE
4,ТОО,B-ORG
4,"""МК-",I-ORG
4,"ФАРМА""",I-ORG
4,за,B-PURPOSE
4,оборудование,I-PURPOSE
4,для,I-PURPOSE
4,оснащения,I-PURPOSE
4,специальных,I-PURPOSE
4,"школ,",I-PURPOSE
4,Договор,O
4,№09-02-131,O
4,от,O
4,19.12.2022г.,O
5,Оплата,B-PAYMENT_TYPE
5,за,B-PURPOSE
5,оказание,I-PURPOSE
5,мед.помощи,I-PURPOSE
5,детям,I-PURPOSE
5,с,I-PURPOSE
5,сосудистой,I-PURPOSE
5,патологией,I-PURPOSE
5,-,O
5,ОФ,B-ORG
5,ИМЕНИ,I-ORG
5,"""КАРАБЕКОВА",I-ORG
5,"АГАБЕКА"",",I-ORG
5,Договор,O
5,№09-03,O
5,от,O
5,16.05.22г.,O
6,Образовательные,B-PURPOSE
6,гранты,B-PAYMENT_TYPE
6,ОФ,B-ORG
6,«Қазақстан,I-ORG
6,халқына»,I-ORG
6,и,O
6,стипендии,B-PAYMENT_TYPE
6,студентам,O
6,ТОО,O
6,"""Университет",O
6,международного,O
6,бизнеса,O
6,им.,O
6,Кенжегали,O
6,"Сагадиева"",",O
6,Доп.соглаш.1,O
6,к,O
6,Договору,O
6,№09-02-55/83,O
6,от,O
6,28.10.2022г.,O
7,Образовательные,B-PURPOSE
7,гранты,B-PAYMENT_TYPE
7,ОФ,B-ORG
7,«Қазақстан,I-ORG
7,халқына»,I-ORG
7,и,O
7,стипендии,B-PAYMENT_TYPE
7,студентам,B-PURPOSE
7,ЧУ,B-ORG
7,"""Карагандинский",I-ORG
7,университет,I-ORG
7,"Казпотребсоюза"",",I-ORG
7,Доп.соглаш.№1,O
7,к,O
7,Договору,O
7,№09-02-55/74,O
7,от,O
7,28.10.2022г.,O
8,Возмещение,B-PAYMENT_TYPE
8,за,O
8,услуги,B-PURPOSE
8,международной,I-PURPOSE
8,автоперевозки,I-PURPOSE
8,груза,I-PURPOSE
8,согласно,O
8,Договора,O
8,№9-02-12,O
8,от,O
8,01.07.2022,O
8,года,O
8,(КФ,B-ORG
8,"""ҚАМҚОРЛЫҚ",I-ORG
8,"ҚОРЫ"")",I-ORG
9,Образовательные,B-PURPOSE
9,гранты,B-PAYMENT_TYPE
9,ОФ,B-ORG
9,«Қазақстан,I-ORG
9,халқына»,I-ORG
9,и,O
9,стипендии,B-PAYMENT_TYPE
9,студентам,B-PURPOSE
9,ТОО,O
9,"""Университет",B-ORG
9,международного,I-ORG
9,бизнеса,I-ORG
9,им.,I-ORG
9,Кенжегали,I-ORG
9,"Сагадиева"",",I-ORG
9,Доп.соглаш.1,O
9,к,O
9,Договору,O
9,№09-02-55/83,O
9,от,O
9,28.10.2022г.,O
10,Оплата,B-PAYMENT_TYPE
10,ООО,B-ORG
10,"""Исток",I-ORG
10,"Аудио""",I-ORG
10,за,B-PURPOSE
10,оборудование,I-PURPOSE
10,для,I-PURPOSE
10,оснащения,I-PURPOSE
10,специальных,I-PURPOSE
10,"школ,",I-PURPOSE
10,Договор,O
10,"№09-02-110,",O
10,116,O
10,от,O
10,19.12.2022,O
11,Оплата,B-PAYMENT_TYPE
11,ТОО,B-ORG
11,"""ЭТК",I-ORG
11,"СЕРВИС""",I-ORG
11,расходы,B-PURPOSE
11,по,I-PURPOSE
11,обучению,I-PURPOSE
11,3-х,I-PURPOSE
11,мед.специалистов,I-PURPOSE
11,"КазНИИОР,",B-ORG
11,Договор,O
11,№9-02-144,O
11,от,O
11,27.12.2022г.,O
12,Оплата,B-PAYMENT_TYPE
12,за,B-PURPOSE
12,оборудование,I-PURPOSE
12,для,I-PURPOSE
12,оснащения,I-PURPOSE
12,Центров,I-PURPOSE
12,для,I-PURPOSE
12,детей,I-PURPOSE
12,с,I-PURPOSE
12,аутизмом,I-PURPOSE
12,ТОО,B-ORG
12,"""Royal",I-ORG
12,Engineering,I-ORG
12,"Kazakhstan""",I-ORG
12,Договор,O
12,№РАС-7-,O
12,12,O
12,от,O
12,27.12.2022,O
13,Окончательная,B-PAYMENT_TYPE
13,оплата,I-PAYMENT_TYPE
13,80,O
13,%,O
13,ТОО,B-ORG
13,"""ТАКЕДА",I-ORG
13,"КАЗАХСТАН""",I-ORG
13,по,O
13,Договору,O
13,№09-02-83,O
13,от,O
13,06.12.22г.,O
13,за,B-PURPOSE
13,лекарственное,I-PURPOSE
13,средство,I-PURPOSE
13,-,I-PURPOSE
13,Цинрайз,I-PURPOSE
14,Образовательные,B-PURPOSE
14,гранты,B-PAYMENT_TYPE
14,ОФ,B-ORG
14,«Қазақстан,I-ORG
14,халқына»,I-ORG
14,и,B-PAYMENT_TYPE
14,стипендии,I-PAYMENT_TYPE
14,студентам,B-PURPOSE
14,Учреждение,B-ORG
14,высшего,I-ORG
14,образования,I-ORG
14,"""Евразийский",I-ORG
14,гуманитарный,I-ORG
14,"институт"",",I-ORG
14,Договор,O
14,№09-02-55/6,O
14,от,O
14,28.10.2022г.,O
15,Образовательные,B-PURPOSE
15,гранты,B-PAYMENT_TYPE
15,ОФ,B-ORG
15,«Қазақстан,I-ORG
15,халқына»,I-ORG
15,и,B-PAYMENT_TYPE
15,стипендии,I-PAYMENT_TYPE
15,студентам,B-PURPOSE
15,УО,B-ORG
15,"""Каспийский",I-ORG
15,общественный,I-ORG
15,"Университет"",",I-ORG
15,Договор,O
15,№09-02-55/51,O
15,от,O
15,28.10.22г.,O
16,Образовательные,B-PURPOSE
16,гранты,B-PAYMENT_TYPE
16,ОФ,B-ORG
16,«Қазақстан,I-ORG
16,халқына»,I-ORG
16,и,B-PAYMENT_TYPE
16,стипендии,I-PAYMENT_TYPE
16,студентам,B-PURPOSE
16,НАО,B-ORG
16,"""ВКТУ""",I-ORG
16,им.,I-ORG
16,Д.Серикбаева,I-ORG
17,Образовательные,B-PURPOSE
17,гранты,B-PAYMENT_TYPE
17,ОФ,B-ORG
17,«Қазақстан,I-ORG
17,халқына»,I-ORG
17,и,B-PAYMENT_TYPE
17,стипендии,I-PAYMENT_TYPE
17,студентам,B-PURPOSE
17,НАО,B-ORG
17,"""Северо-Казахстанский",I-ORG
17,университет,I-ORG
17,им.,I-ORG
17,М.,I-ORG
17,"Козыбаева"",",I-ORG
17,Договор,O
17,№09-02-34/67,O
17,от,O
17,25.08.2022г,O
18,Образовательные,B-PURPOSE
18,гранты,B-PAYMENT_TYPE
18,ОФ,B-ORG
18,«Қазақстан,I-ORG
18,халқына»,I-ORG
18,и,B-PAYMENT_TYPE
18,стипендии,I-PAYMENT_TYPE
18,студентам,B-PURPOSE
18,НАО,B-ORG
18,"""ВКТУ""",I-ORG
18,им.,I-ORG
18,"Д.Серикбаева,",I-ORG
18,Договор,O
18,№09-02-55/42,O
18,от,O
18,28.10.2022г.,O
19,Образовательные,B-PURPOSE
19,гранты,B-PAYMENT_TYPE
19,ОФ,B-ORG
19,«Қазақстан,I-ORG
19,халқына»,I-ORG
19,и,B-PAYMENT_TYPE
19,стипендии,I-PAYMENT_TYPE
19,студентам,B-PURPOSE
19,АО,B-ORG
19,"""Международный",I-ORG
19,университет,I-ORG
19,информационных,I-ORG
19,"технологий"",",I-ORG
19,Договор,O
19,№09-02-34/65,O
19,от,O
19,25.08.2022г,O
20,Образовательные,B-PURPOSE
20,гранты,B-PAYMENT_TYPE
20,ОФ,B-ORG
20,«Қазақстан,I-ORG
20,халқына»,I-ORG
20,и,B-PAYMENT_TYPE
20,стипендии,I-PAYMENT_TYPE
20,студентам,B-PURPOSE
20,Частное,B-ORG
20,учреждение,I-ORG
20,"""Академия",I-ORG
20,"""Bolashaq""",I-ORG
21,Образовательные,B-PURPOSE
21,гранты,B-PAYMENT_TYPE
21,ОФ,B-ORG
21,«Қазақстан,I-ORG
21,халқына»,I-ORG
21,и,B-PAYMENT_TYPE
21,стипендии,I-PAYMENT_TYPE
21,студентам,B-PURPOSE
21,УО,B-ORG
21,"""Алматы",I-ORG
21,Менеджмент,I-ORG
21,"Университет"",",I-ORG
21,по,O
21,Договор,O
21,№09-02-55/1,O
21,от,O
21,28.10.2022г.,O
22,Оплата,B-PAYMENT_TYPE
22,ИП,B-ORG
22,Прохоренко,I-ORG
22,Сергей,I-ORG
22,Александрович,I-ORG
22,за,B-PURPOSE
22,оборудование,I-PURPOSE
22,для,I-PURPOSE
22,оснащения,I-PURPOSE
22,специальных,I-PURPOSE
22,"школ,",I-PURPOSE
22,Договор,O
22,№09-02-162,O
22,от,O
22,28.12.2022г.,O
23,Оплата,B-PAYMENT_TYPE
23,ТОО,B-ORG
23,"""Базисный",I-ORG
23,"Магазин""",I-ORG
23,за,B-PURPOSE
23,оборудование,I-PURPOSE
23,для,I-PURPOSE
23,оснащения,I-PURPOSE
23,специальных,I-PURPOSE
23,"школ,",I-PURPOSE
23,Договор,O
23,"№09-02-193,",O
23,"145,",O
23,"151,",O
23,"194,",O
23,"193,",O
23,"157,",O
23,"191,",O
23,"154,",O
23,"190,",O
23,"184,",O
23,"192,",O
23,"150,",O
23,"185,",O
23,155,O
23,от,O
23,28.12.2022г.,O
24,Оплата,B-PAYMENT_TYPE
24,ТОО,B-ORG
24,"""МК-",I-ORG
24,"ФАРМА""",I-ORG
24,за,B-PURPOSE
24,оборудование,I-PURPOSE
24,для,I-PURPOSE
24,оснащения,I-PURPOSE
24,специальных,I-PURPOSE
24,"школ,",I-PURPOSE
24,Договору,O
24,"№09-02-158,",O
24,156,O
24,от,O
24,28.12.2022г.,O
25,Образовательные,B-PURPOSE
25,гранты,B-PAYMENT_TYPE
25,ОФ,B-ORG
25,«Қазақстан,I-ORG
25,халқына»,I-ORG
25,и,B-PAYMENT_TYPE
25,стипендии,I-PAYMENT_TYPE
25,студентам,B-PURPOSE
25,Учреждение,B-ORG
25,"""ESIL",I-ORG
25,"UNIVERSITY"",",I-ORG
25,Договор,O
25,№09-02-,O
25,34/13,O
25,от,O
25,25.08.2022г.,O
26,Образовательные,B-PURPOSE
26,гранты,B-PAYMENT_TYPE
26,ОФ,B-ORG
26,«Қазақстан,I-ORG
26,халқына»,I-ORG
26,и,B-PAYMENT_TYPE
26,стипендии,I-PAYMENT_TYPE
26,студентам,B-PURPOSE
26,НАО,B-ORG
26,"""КАЗНАЦЖЕНПУ"",",I-ORG
26,Договор,O
26,№09-02-34/25,O
26,от,O
26,"25.08.22г.,",O
26,Договор,O
26,№09-02-64/5,O
26,от,O
26,10.11.22г.,O
27,Образовательные,B-PURPOSE
27,гранты,B-PAYMENT_TYPE
27,ОФ,B-ORG
27,«Қазақстан,I-ORG
27,халқына»,I-ORG
27,и,B-PAYMENT_TYPE
27,стипендии,I-PAYMENT_TYPE
27,студентам,B-PURPOSE
27,АО,B-ORG
27,"""Университет",I-ORG
27,КАЗГЮУ,I-ORG
27,им.,I-ORG
27,М.С.,I-ORG
27,Нарикбаева»,I-ORG
28,Образовательные,B-PURPOSE
28,гранты,B-PAYMENT_TYPE
28,ОФ,B-ORG
28,«Қазақстан,I-ORG
28,халқына»,I-ORG
28,и,B-PAYMENT_TYPE
28,стипендии,I-PAYMENT_TYPE
28,студентам,B-PURPOSE
28,Частное,B-ORG
28,учреждение,I-ORG
28,"""Академия",I-ORG
28,"""Bolashaq"",",I-ORG
28,Договор,O
28,№09-02-55/73,O
28,от,O
28,28.10.22г.,O
29,Образовательные,B-PURPOSE
29,гранты,B-PAYMENT_TYPE
29,ОФ,B-ORG
29,«Қазақстан,I-ORG
29,халқына»,I-ORG
29,и,B-PAYMENT_TYPE
29,стипендии,I-PAYMENT_TYPE
29,студентам,B-PURPOSE
29,АО,B-ORG
29,"""Международный",I-ORG
29,университет,I-ORG
29,информационных,I-ORG
29,"технологий"",",I-ORG
29,Договор,O
29,№09-02-55/38,O
29,от,O
29,28.10.22г.,O
30,Образовательные,B-PURPOSE
30,гранты,B-PAYMENT_TYPE
30,ОФ,B-ORG
30,«Қазақстан,I-ORG
30,халқына»,I-ORG
30,и,B-PAYMENT_TYPE
30,стипендии,I-PAYMENT_TYPE
30,студентам,B-PURPOSE
30,УО,B-ORG
30,"""Алматы",I-ORG
30,Менеджмент,I-ORG
30,"Университет"",",I-ORG
30,по,O
30,Договор,O
30,№09-02-55/1,O
30,от,O
30,28.10.2022г.,O
31,Оплата,B-PAYMENT_TYPE
31,ООО,B-ORG
31,"""Исток",I-ORG
31,"Аудио""",I-ORG
31,за,B-PURPOSE
31,оборудование,I-PURPOSE
31,для,I-PURPOSE
31,оснащения,I-PURPOSE
31,специальных,I-PURPOSE
31,"школ,",I-PURPOSE
31,Договору,O
31,"№09-02-171,",O
31,"169,",O
31,"170,",O
31,"172,",O
31,"175,",O
31,"174,",O
31,"178,",O
31,179,O
31,от,O
31,28.12.2022,O
32,Образовательные,B-PURPOSE
32,гранты,B-PAYMENT_TYPE
32,ОФ,B-ORG
32,«Қазақстан,I-ORG
32,халқына»,I-ORG
32,и,B-PAYMENT_TYPE
32,стипендии,I-PAYMENT_TYPE
32,студентам,B-PURPOSE
32,УО,O
32,"""Казахстанско-Немецкий",B-ORG
32,Университет,I-ORG
32,в,I-ORG
32,"Алматы"",",I-ORG
32,Договор,O
32,№09-02-34/73,O
32,от,O
32,25.08.22г.,O
33,Образовательные,B-PURPOSE
33,гранты,B-PAYMENT_TYPE
33,ОФ,B-ORG
33,«Қазақстан,I-ORG
33,халқына»,I-ORG
33,и,B-PAYMENT_TYPE
33,стипендии,I-PAYMENT_TYPE
33,студентам,B-PURPOSE
33,ТОО,B-ORG
33,"""Казахстанско-Американский",I-ORG
33,Свободный,I-ORG
33,"Университет"",",I-ORG
33,Договор,O
33,№09-02-34/37,O
33,от,O
33,25.08.22г.,O
34,Образовательные,B-PURPOSE
34,гранты,B-PAYMENT_TYPE
34,ОФ,B-ORG
34,«Қазақстан,I-ORG
34,халқына»,I-ORG
34,и,B-PAYMENT_TYPE
34,стипендии,I-PAYMENT_TYPE
34,студентам,B-PURPOSE
34,ЧУ,B-ORG
34,"""КИНЭУ",I-ORG
34,им.,I-ORG
34,М.,I-ORG
34,"Дулатова"",",I-ORG
34,Договор,O
34,№148/2022,O
34,от,O
34,25.08.22г.,O
35,Образовательные,B-PURPOSE
35,гранты,B-PAYMENT_TYPE
35,ОФ,B-ORG
35,«Қазақстан,I-ORG
35,халқына»,I-ORG
35,и,B-PAYMENT_TYPE
35,стипендии,I-PAYMENT_TYPE
35,студентам,B-PURPOSE
35,НАО,O
35,"""Евразийский",B-ORG
35,национальный,I-ORG
35,университет,I-ORG
35,им.,I-ORG
35,Л.Н.,I-ORG
35,"Гумилева"",",I-ORG
35,Договор,O
35,№09-02-34/9,O
35,от,O
35,25.08.22г.,O
36,Образовательные,B-PURPOSE
36,гранты,B-PAYMENT_TYPE
36,ОФ,B-ORG
36,«Қазақстан,I-ORG
36,халқына»,I-ORG
36,и,B-PAYMENT_TYPE
36,стипендии,I-PAYMENT_TYPE
36,студентам,B-PURPOSE
36,Учреждение,B-ORG
36,"""Университет",I-ORG
36,"""ТУРАН"",",I-ORG
36,Договор,O
36,№09-02-,O
36,55/31,O
36,от,O
36,28.10.22г.,O
37,Образовательные,B-PURPOSE
37,гранты,B-PAYMENT_TYPE
37,ОФ,B-ORG
37,«Қазақстан,I-ORG
37,халқына»,I-ORG
37,и,B-PAYMENT_TYPE
37,стипендии,I-PAYMENT_TYPE
37,студентам,B-PURPOSE
37,Учреждение,B-ORG
37,"""Университет",I-ORG
37,"""Туран-Астана"",",I-ORG
37,Договор,O
37,№09-02-55/63,O
37,от,O
37,28.10.2022г.,O
38,Образовательные,B-PURPOSE
38,гранты,B-PAYMENT_TYPE
38,ОФ,B-ORG
38,«Қазақстан,I-ORG
38,халқына»,I-ORG
38,и,B-PAYMENT_TYPE
38,стипендии,I-PAYMENT_TYPE
38,студентам,B-PURPOSE
38,НАО,B-ORG
38,"""Евразийский",I-ORG
38,национальный,I-ORG
38,университет,I-ORG
38,им.,I-ORG
38,Л.Н.,I-ORG
38,"Гумилева"",",I-ORG
38,Договор,O
38,№09-02-55/7,O
38,от,O
38,28.10.2022г.,O
39,Оплата,B-PAYMENT_TYPE
39,Hôtel,B-ORG
39,Serotel,I-ORG
39,Lutèce,I-ORG
39,Rive,I-ORG
39,Gauche,I-ORG
39,-,O
39,расходы,B-PURPOSE
39,связанные,I-PURPOSE
39,с,I-PURPOSE
39,обученим,I-PURPOSE
39,3-х,I-PURPOSE
39,мед.специалистов,I-PURPOSE
39,"КазНИИОР,",B-ORG
39,Договор,O
39,№9-02-144,O
39,от,O
39,27.12.2022г.,O
40,Образовательные,B-PURPOSE
40,гранты,B-PAYMENT_TYPE
40,ОФ,B-ORG
40,«Қазақстан,I-ORG
40,халқына»,I-ORG
40,и,B-PAYMENT_TYPE
40,стипендии,I-PAYMENT_TYPE
40,студентам,B-PURPOSE
40,ЧУ,B-ORG
40,"""Карагандинский",I-ORG
40,университет,I-ORG
40,"Казпотребсоюза"",",I-ORG
40,Доп.соглаш.№1,O
40,к,O
40,Договору,O
40,№09-02-55/74,O
40,от,O
40,28.10.2022г.,O
41,Образовательные,B-PURPOSE
41,гранты,B-PAYMENT_TYPE
41,ОФ,B-ORG
41,«Қазақстан,I-ORG
41,халқына»,I-ORG
41,и,B-PAYMENT_TYPE
41,стипендии,I-PAYMENT_TYPE
41,студентам,B-PURPOSE
41,РГУ,B-ORG
41,"""Казахская",I-ORG
41,национальная,I-ORG
41,академия,I-ORG
41,искусств,I-ORG
41,имени,I-ORG
41,"Т.К.Жургенова""",I-ORG
41,МКС,I-ORG
41,"РК,",I-ORG
41,Договор,O
41,№09-02-55/54,O
41,от,O
41,28.10.22г.,O
42,Образовательные,B-PURPOSE
42,гранты,B-PAYMENT_TYPE
42,ОФ,B-ORG
42,«Қазақстан,I-ORG
42,халқына»,I-ORG
42,и,B-PAYMENT_TYPE
42,стипендии,I-PAYMENT_TYPE
42,студентам,B-PURPOSE
42,АО,B-ORG
42,"""Южно-Казахстанская",I-ORG
42,медицинская,I-ORG
42,"академия»,",I-ORG
42,Договор,O
42,№09-02-55/84,O
42,от,O
42,28.10.22г.,O
43,Возмещение,B-PAYMENT_TYPE
43,за,B-PURPOSE
43,услуги,I-PURPOSE
43,международной,I-PURPOSE
43,автоперевозки,I-PURPOSE
43,груза,I-PURPOSE
43,согласно,O
43,Договора,O
43,№9-02-12,O
43,от,O
43,01.07.2022,O
43,года,O
43,(КФ,B-ORG
43,"""ҚАМҚОРЛЫҚ",I-ORG
43,"ҚОРЫ"")",I-ORG
44,Возврат,B-PAYMENT_TYPE
44,средств,I-PAYMENT_TYPE
44,от,O
44,НАО,B-ORG
44,"""Казахский",I-ORG
44,агротехнический,I-ORG
44,университет,I-ORG
44,им.С.,I-ORG
44,"Сейфуллина""",I-ORG
44,в,B-PURPOSE
44,связи,I-PURPOSE
44,с,I-PURPOSE
44,отчислением,I-PURPOSE
44,студентов,I-PURPOSE
45,Образовательные,B-PURPOSE
45,гранты,B-PAYMENT_TYPE
45,ОФ,B-ORG
45,«Қазақстан,I-ORG
45,халқына»,I-ORG
45,и,B-PAYMENT_TYPE
45,стипендии,I-PAYMENT_TYPE
45,студентам,B-PURPOSE
45,НАО,B-ORG
45,"""Южно-Казахстанский",I-ORG
45,государственный,I-ORG
45,педагогический,I-ORG
45,университет,I-ORG
45,"""",I-ORG
46,Образовательные,B-PURPOSE
46,гранты,B-PAYMENT_TYPE
46,ОФ,B-ORG
46,«Қазақстан,I-ORG
46,халқына»,I-ORG
46,и,B-PAYMENT_TYPE
46,стипендии,I-PAYMENT_TYPE
46,студентам,B-PURPOSE
46,АО,B-ORG
46,"""Университет",I-ORG
46,КАЗГЮУ,I-ORG
46,им.,I-ORG
46,М.С.,I-ORG
46,"Нарикбаева»,",I-ORG
46,Договор,O
46,№09-02-55/60,O
46,от,O
46,28.10.2022г.,O
47,Образовательные,B-PURPOSE
47,гранты,B-PAYMENT_TYPE
47,ОФ,B-ORG
47,«Қазақстан,I-ORG
47,халқына»,I-ORG
47,и,B-PAYMENT_TYPE
47,стипендии,I-PAYMENT_TYPE
47,студентам,B-PURPOSE
47,НАО,B-ORG
47,"""Торайгыров",I-ORG
47,"Университет"",",I-ORG
47,Договор,O
47,№09-02-,O
47,55/30,O
47,от,O
47,28.10.2022,O
47,г.,O
48,Образовательные,B-PURPOSE
48,гранты,B-PAYMENT_TYPE
48,ОФ,B-ORG
48,«Қазақстан,I-ORG
48,халқына»,I-ORG
48,и,B-PAYMENT_TYPE
48,стипендии,I-PAYMENT_TYPE
48,студентам,B-PURPOSE
48,НАО,B-ORG
48,"""Казахстанско-Российский",I-ORG
48,медицинский,I-ORG
48,"университет"",",I-ORG
48,Договор,O
48,№09-02-55/22,O
48,от,O
48,28.10.2022г.,O
49,Образовательные,B-PURPOSE
49,гранты,B-PAYMENT_TYPE
49,ОФ,B-ORG
49,«Қазақстан,I-ORG
49,халқына»,I-ORG
49,и,B-PAYMENT_TYPE
49,стипендии,I-PAYMENT_TYPE
49,студентам,B-PURPOSE
49,НАО,B-ORG
49,"""Казахский",I-ORG
49,национальный,I-ORG
49,медицинский,I-ORG
49,университет,I-ORG
49,имени,I-ORG
49,С.,I-ORG
49,Д.,I-ORG
49,"Асфендиярова"",",I-ORG
49,Договор,O
49,№09-02-55/16,O
49,от,O
49,28.10.22г.,O
50,Образовательные,B-PURPOSE
50,гранты,B-PAYMENT_TYPE
50,ОФ,B-ORG
50,«Қазақстан,I-ORG
50,халқына»,I-ORG
50,и,B-PAYMENT_TYPE
50,стипендии,I-PAYMENT_TYPE
50,студентам,B-PURPOSE
50,НАО,B-ORG
50,"""Южно-Казахстанский",I-ORG
50,государственный,I-ORG
50,университет,I-ORG
50,имени,I-ORG
50,"М.Ауэзова"",",I-ORG
50,Договор,O
50,№09-02-55/52,O
50,от,O
50,28.10.2022г.,O
51,Образовательные,B-PURPOSE
51,гранты,B-PAYMENT_TYPE
51,ОФ,B-ORG
51,«Қазақстан,I-ORG
51,халқына»,I-ORG
51,и,B-PAYMENT_TYPE
51,стипендии,I-PAYMENT_TYPE
51,студентам,B-PURPOSE
51,Учреждение,B-ORG
51,"""Казахский",I-ORG
51,Университет,I-ORG
51,путей,I-ORG
51,"сообщения"",",I-ORG
51,Договор,O
51,№09-02-55/18,O
51,от,O
51,28.10.22г.,O
52,Образовательные,B-PURPOSE
52,гранты,B-PAYMENT_TYPE
52,ОФ,B-ORG
52,«Қазақстан,I-ORG
52,халқына»,I-ORG
52,и,B-PAYMENT_TYPE
52,стипендии,I-PAYMENT_TYPE
52,студентам,B-PURPOSE
52,НАО,B-ORG
52,"""АРУ",I-ORG
52,им.,I-ORG
52,"К.Жубанова"",",I-ORG
52,Договор,O
52,№09-02-55/34,O
52,от,O
52,28.10.2022г.,O
53,Образовательные,B-PURPOSE
53,гранты,B-PAYMENT_TYPE
53,ОФ,B-ORG
53,«Қазақстан,I-ORG
53,халқына»,I-ORG
53,и,B-PAYMENT_TYPE
53,стипендии,I-PAYMENT_TYPE
53,студентам,B-PURPOSE
53,ТОО,B-ORG
53,"""Университет",I-ORG
53,международного,I-ORG
53,бизнеса,I-ORG
53,им.,I-ORG
53,Кенжегали,I-ORG
53,"Сагадиева"",",I-ORG
53,Договор,O
53,№09-02-55/83,O
53,от,O
53,28.10.2022г.,O
54,Образовательные,B-PURPOSE
54,гранты,B-PAYMENT_TYPE
54,ОФ,B-ORG
54,«Қазақстан,I-ORG
54,халқына»,I-ORG
54,и,B-PAYMENT_TYPE
54,стипендии,I-PAYMENT_TYPE
54,студентам,B-PURPOSE
54,ТОО,B-ORG
54,"""Международная",I-ORG
54,образовательная,I-ORG
54,"корпорация"",",I-ORG
54,Договор,O
54,№09-02-55/27,O
54,от,O
54,28.10.22,O
54,г.,O
55,Образовательные,B-PURPOSE
55,гранты,B-PAYMENT_TYPE
55,ОФ,B-ORG
55,«Қазақстан,I-ORG
55,халқына»,I-ORG
55,и,B-PAYMENT_TYPE
55,стипендии,I-PAYMENT_TYPE
55,студентам,B-PURPOSE
55,АО,B-ORG
55,"""Академия",I-ORG
55,логистики,I-ORG
55,и,I-ORG
55,"транспорта"",",I-ORG
55,Договор,O
55,№09-,O
55,02-55/41,O
55,от,O
55,28.10.2022г.,O
56,Образовательные,B-PURPOSE
56,гранты,B-PAYMENT_TYPE
56,ОФ,B-ORG
56,«Қазақстан,I-ORG
56,халқына»,I-ORG
56,и,B-PAYMENT_TYPE
56,стипендии,I-PAYMENT_TYPE
56,студентам,B-PURPOSE
56,НАО,B-ORG
56,"""Алматинский",I-ORG
56,университет,I-ORG
56,энергетики,I-ORG
56,и,I-ORG
56,связи,I-ORG
56,им.,I-ORG
56,Г.,I-ORG
56,"Даукеева"",",I-ORG
56,Договор,O
56,№09-02-55/2,O
56,от,O
56,"25.08.22г.,",O
57,Образовательные,B-PURPOSE
57,гранты,B-PAYMENT_TYPE
57,ОФ,B-ORG
57,«Қазақстан,I-ORG
57,халқына»,I-ORG
57,и,B-PAYMENT_TYPE
57,стипендии,I-PAYMENT_TYPE
57,студентам,B-PURPOSE
57,НАО,B-ORG
57,"""КУ",I-ORG
57,им.,I-ORG
57,Коркыт,I-ORG
57,"Ата"",",I-ORG
57,Договор,O
57,№09-02-55/77,O
57,от,O
57,28.10.2022г.,O
58,Образовательные,B-PURPOSE
58,гранты,B-PAYMENT_TYPE
58,ОФ,B-ORG
58,«Қазақстан,I-ORG
58,халқына»,I-ORG
58,и,B-PAYMENT_TYPE
58,стипендии,I-PAYMENT_TYPE
58,студентам,B-PURPOSE
58,НАО,B-ORG
58,"""Южно-Казахстанский",I-ORG
58,государственный,I-ORG
58,университет,I-ORG
58,имени,I-ORG
58,"М.Ауэзова"",",I-ORG
58,Договор,O
58,№09-02-55/52,O
58,от,O
58,28.10.2022г.,O
59,Образовательные,B-PURPOSE
59,гранты,B-PAYMENT_TYPE
59,ОФ,B-ORG
59,«Қазақстан,I-ORG
59,халқына»,I-ORG
59,и,B-PAYMENT_TYPE
59,стипендии,I-PAYMENT_TYPE
59,студентам,B-PURPOSE
59,НАО,B-ORG
59,"""Медицинский",I-ORG
59,университет,I-ORG
59,"Астана"",",I-ORG
59,Договор,O
59,№09-02-34/60,O
59,от,O
59,25.08.22г.,O
60,Образовательные,B-PURPOSE
60,гранты,B-PAYMENT_TYPE
60,ОФ,B-ORG
60,«Қазақстан,I-ORG
60,халқына»,I-ORG
60,и,B-PAYMENT_TYPE
60,стипендии,I-PAYMENT_TYPE
60,студентам,B-PURPOSE
60,ТОО,B-ORG
60,"""Центрально-Азиатский",I-ORG
60,Инновационный,I-ORG
60,"Университет"",",I-ORG
60,Договор,O
60,№09-02-55/50,O
60,от,O
60,28.10.22г.,O
61,Образовательные,B-PURPOSE
61,гранты,B-PAYMENT_TYPE
61,ОФ,B-ORG
61,«Қазақстан,I-ORG
61,халқына»,I-ORG
61,и,B-PAYMENT_TYPE
61,стипендии,I-PAYMENT_TYPE
61,студентам,B-PURPOSE
61,Учреждение,B-ORG
61,высшего,I-ORG
61,образования,I-ORG
61,"""Евразийский",I-ORG
61,гуманитарный,I-ORG
61,"институт""",I-ORG
62,Образовательные,B-PURPOSE
62,гранты,B-PAYMENT_TYPE
62,ОФ,B-ORG
62,«Қазақстан,I-ORG
62,халқына»,I-ORG
62,и,B-PAYMENT_TYPE
62,стипендии,I-PAYMENT_TYPE
62,студентам,B-PURPOSE
62,НАО,B-ORG
62,Карагандинский,I-ORG
62,университет,I-ORG
62,имени,I-ORG
62,академика,I-ORG
62,Е.А.Букетова,I-ORG
63,Образовательные,B-PURPOSE
63,гранты,B-PAYMENT_TYPE
63,ОФ,B-ORG
63,«Қазақстан,I-ORG
63,халқына»,I-ORG
63,и,B-PAYMENT_TYPE
63,стипендии,I-PAYMENT_TYPE
63,студентам,B-PURPOSE
63,НАО,B-ORG
63,"""Казахский",I-ORG
63,национальный,I-ORG
63,аграрный,I-ORG
63,исследовательский,I-ORG
63,"университет"",",I-ORG
63,Договор,O
63,№09-02-34/52,O
63,от,O
63,25.08.22г.,O
64,Образовательные,B-PURPOSE
64,гранты,B-PAYMENT_TYPE
64,ОФ,B-ORG
64,«Қазақстан,I-ORG
64,халқына»,I-ORG
64,и,B-PAYMENT_TYPE
64,стипендии,I-PAYMENT_TYPE
64,студентам,B-PURPOSE
64,НАО,B-ORG
64,"""АУ",I-ORG
64,им.,I-ORG
64,"Х.Досмухамедова"",",I-ORG
64,Договор,O
64,№09-02-,O
64,34/48,O
64,от,O
64,25.08.22г.,O
65,Образовательные,B-PURPOSE
65,гранты,B-PAYMENT_TYPE
65,ОФ,B-ORG
65,«Қазақстан,I-ORG
65,халқына»,I-ORG
65,и,B-PAYMENT_TYPE
65,стипендии,I-PAYMENT_TYPE
65,студентам,B-PURPOSE
65,АО,B-ORG
65,"""Казахстанско-Британский",I-ORG
65,технический,I-ORG
65,"университет"",",I-ORG
65,Договор,O
65,№09-02-55/20,O
65,от,O
65,28.10.2022г.,O
66,Возмещение,B-PAYMENT_TYPE
66,за,B-PURPOSE
66,услуги,I-PURPOSE
66,международной,I-PURPOSE
66,автоперевозки,I-PURPOSE
66,груза,I-PURPOSE
66,согласно,O
66,Договора,O
66,№9-02-12,O
66,от,O
66,01.07.2022,O
66,года,O
66,(КФ,B-ORG
66,"""ҚАМҚОРЛЫҚ",I-ORG
66,"ҚОРЫ"")",I-ORG
67,Оплата,B-PAYMENT_TYPE
67,за,B-PURPOSE
67,оснащение,I-PURPOSE
67,Центров,I-PURPOSE
67,для,I-PURPOSE
67,детей,I-PURPOSE
67,с,I-PURPOSE
67,аутизмом,I-PURPOSE
67,и,I-PURPOSE
67,другими,I-PURPOSE
67,ментальными,I-PURPOSE
67,нарушениями,I-PURPOSE
67,в,I-PURPOSE
67,регионах,I-PURPOSE
67,-,O
67,ТОО,B-ORG
67,"""ИСКУ",I-ORG
67,"КАЗАХСТАН""),",I-ORG
67,по,O
67,Договору,O
67,поставки,O
67,№РАС-4-1,O
67,от,O
67,29.06.2022,O
67,г.,O
68,АГП,B-ORG
68,им,I-ORG
68,Кулакова,I-ORG
68,возврат,B-PAYMENT_TYPE
68,средств,I-PAYMENT_TYPE
68,за,B-PURPOSE
68,лечение,I-PURPOSE
69,Оплата,B-PAYMENT_TYPE
69,Institut,B-ORG
69,"Curie,",I-ORG
69,Paris,I-ORG
69,26,I-ORG
69,-,O
69,расходы,B-PURPOSE
69,связанные,I-PURPOSE
69,с,I-PURPOSE
69,обученим,I-PURPOSE
69,3-х,I-PURPOSE
69,мед.специалистов,I-PURPOSE
69,КазНИИОР,B-ORG
70,Оплата,B-PAYMENT_TYPE
70,ООО,B-ORG
70,"""Исток",I-ORG
70,"Аудио""",I-ORG
70,за,B-PURPOSE
70,оборудование,I-PURPOSE
70,для,I-PURPOSE
70,оснащения,I-PURPOSE
70,специальных,I-PURPOSE
70,"школ,",I-PURPOSE
70,Договору,O
70,"№09-02-220,",O
70,"221,",O
70,"219,",O
70,"213,",O
70,"212,",O
70,"207,",O
70,"203,",O
70,208,O
71,Оплата,B-PAYMENT_TYPE
71,ООО,B-ORG
71,"""Алма""",I-ORG
71,за,B-PURPOSE
71,оборудование,I-PURPOSE
71,для,I-PURPOSE
71,оснащения,I-PURPOSE
71,специальных,I-PURPOSE
71,"школ,",I-PURPOSE
71,Договор,O
71,"№09-02-146,",O
71,"181,",O
71,"113,",O
71,"186,",O
71,"102,",O
71,"112,",O
71,"114,",O
71,"111,",O
71,"146,",O
71,147,O
71,от,O
71,28.12.2022г.,O
72,Образовательные,B-PURPOSE
72,гранты,B-PAYMENT_TYPE
72,ОФ,B-ORG
72,«Қазақстан,I-ORG
72,халқына»,I-ORG
72,и,B-PAYMENT_TYPE
72,стипендии,I-PAYMENT_TYPE
72,студентам,B-PURPOSE
72,НАО,B-ORG
72,"""Кокшетауский",I-ORG
72,университет,I-ORG
72,им.,I-ORG
72,Ш.,I-ORG
72,"Уалиханова"",",I-ORG
72,Договор,O
72,№09-02-34/58,O
72,от,O
72,25.08.22г.,O
73,Образовательные,B-PURPOSE
73,гранты,B-PAYMENT_TYPE
73,ОФ,B-ORG
73,«Қазақстан,I-ORG
73,халқына»,I-ORG
73,и,B-PAYMENT_TYPE
73,стипендии,I-PAYMENT_TYPE
73,студентам,B-PURPOSE
73,НАО,B-ORG
73,"""Карагадинский",I-ORG
73,технический,I-ORG
73,университет,I-ORG
73,им.,I-ORG
73,"А.Сагинова"",",I-ORG
73,Договор,O
73,№09-02-34/8,O
73,от,O
73,25.08.22г,O
74,Образовательные,B-PURPOSE
74,гранты,B-PAYMENT_TYPE
74,ОФ,B-ORG
74,«Қазақстан,I-ORG
74,халқына»,I-ORG
74,и,B-PAYMENT_TYPE
74,стипендии,I-PAYMENT_TYPE
74,студентам,B-PURPOSE
74,ТОО,B-ORG
74,"""Международный",I-ORG
74,инженерно-технологический,I-ORG
74,"университет""",I-ORG
74,Договор,O
74,№09-02-34/23,O
74,от,O
74,25.08.22г,O
75,Образовательные,B-PURPOSE
75,гранты,B-PAYMENT_TYPE
75,ОФ,B-ORG
75,«Қазақстан,I-ORG
75,халқына»,I-ORG
75,и,B-PAYMENT_TYPE
75,стипендии,I-PAYMENT_TYPE
75,студентам,B-PURPOSE
75,НАО,B-ORG
75,"""Таразский",I-ORG
75,региональный,I-ORG
75,университет,I-ORG
75,им.,I-ORG
75,М.Х.,I-ORG
75,"Дулати"",",I-ORG
75,Договор,O
75,№09-02-34/68,O
75,от,O
75,25.08.2022г.,O
76,Образовательные,B-PURPOSE
76,гранты,B-PAYMENT_TYPE
76,ОФ,B-ORG
76,«Қазақстан,I-ORG
76,халқына»,I-ORG
76,и,B-PAYMENT_TYPE
76,стипендии,I-PAYMENT_TYPE
76,студентам,B-PURPOSE
76,АО,B-ORG
76,"""КАЗУМО",I-ORG
76,И,I-ORG
76,МЯ,I-ORG
76,им.,I-ORG
76,Абылай,I-ORG
76,"хана"",",I-ORG
76,Договор,O
76,№09-,O
76,02-34/28,O
76,от,O
76,25.08.22г.,O
77,Оплата,B-PAYMENT_TYPE
77,ИП,B-ORG
77,"""Давыдов",I-ORG
77,Олег,I-ORG
77,"Витальевич""",I-ORG
77,за,B-PURPOSE
77,оборудование,I-PURPOSE
77,для,I-PURPOSE
77,оснащения,I-PURPOSE
77,специальных,I-PURPOSE
77,"школ,",I-PURPOSE
77,Договор,O
77,"№09-02-91,",O
77,"92,",O
77,"117,",O
77,"118,",O
77,"119,",O
77,"121,",O
77,"122,",O
77,123,O
77,от,O
77,19.12.2022г.,O
78,Оплата,B-PAYMENT_TYPE
78,медицинских,B-PURPOSE
78,услуг,I-PURPOSE
78,не,O
78,оказываемых,O
78,в,O
78,Республике,O
78,Казахстан,O
78,-,O
78,лечение,B-PURPOSE
78,в,O
78,г.,O
78,Москва,O
78,Детская,B-ORG
78,городская,I-ORG
78,больница,I-ORG
78,им.,I-ORG
78,Н.Ф.,I-ORG
78,"Филатова,",I-ORG
78,Договор,O
78,№25.05.2022,O
78,от,O
78,25.05.22г.,O
79,Оплата,B-PAYMENT_TYPE
79,медицинских,B-PURPOSE
79,услуг,I-PURPOSE
79,не,O
79,оказываемых,O
79,в,O
79,Республике,O
79,Казахстан,O
79,-,O
79,лечение,B-PURPOSE
79,в,B-ORG
79,Medipol,I-ORG
79,Mega,I-ORG
79,Hospitals,I-ORG
79,"(Турция),",I-ORG
79,договор,O
79,№,O
79,09-02-196,O
79,от,O
79,28.12.22г.,O
80,Благотворительная,B-PAYMENT_TYPE
80,помощь,I-PAYMENT_TYPE
80,ОФ,B-ORG
80,«Қазақстан,I-ORG
80,халқына»,I-ORG
80,семьям,B-PURPOSE
80,25-ти,I-PURPOSE
80,раненным,I-PURPOSE
80,гражданам,I-PURPOSE
80,РК,I-PURPOSE
80,во,O
80,время,O
80,трагических,O
80,"событий,",O
80,произошедших,O
80,в,O
80,январе,O
80,2022,O
80,года,O
81,Оплата,B-PAYMENT_TYPE
81,ИП,B-ORG
81,Прохоренко,I-ORG
81,Сергей,I-ORG
81,Александрович,I-ORG
81,за,B-PURPOSE
81,оборудование,I-PURPOSE
81,для,I-PURPOSE
81,оснащения,I-PURPOSE
81,специальных,I-PURPOSE
81,"школ,",I-PURPOSE
81,Договор,O
81,"№09-02-205,",O
81,"204,",O
81,"217,",O
81,214,O
81,от,O
81,28.12.2022г.,O
82,Оплата,B-PAYMENT_TYPE
82,ТОО,B-ORG
82,"""Базисный",I-ORG
82,"Магазин""",I-ORG
82,за,B-PURPOSE
82,оборудование,I-PURPOSE
82,для,I-PURPOSE
82,оснащения,I-PURPOSE
82,специальных,I-PURPOSE
82,школ,I-PURPOSE
82,Договор,O
82,"№09-02-200,",O
82,"199,",O
82,"209,",O
82,"210,",O
82,"214,",O
82,94,O
82,от,O
82,28.12.2022г.,O
83,Оплата,B-PAYMENT_TYPE
83,ООО,B-ORG
83,"""Исток",I-ORG
83,"Аудио""",I-ORG
83,за,B-PURPOSE
83,оборудование,I-PURPOSE
83,для,I-PURPOSE
83,оснащения,I-PURPOSE
83,специальных,I-PURPOSE
83,"школ,",I-PURPOSE
83,Договор,O
83,"№09-02-109,",O
83,"115,",O
83,120,O
83,от,O
83,19.12.2022,O
84,Оплата,B-PAYMENT_TYPE
84,ИП,B-ORG
84,"""Давыдов",I-ORG
84,Олег,I-ORG
84,"Витальевич""",I-ORG
84,за,B-PURPOSE
84,оборудование,I-PURPOSE
84,для,I-PURPOSE
84,оснащения,I-PURPOSE
84,специальных,I-PURPOSE
84,"школ,",I-PURPOSE
84,Договору,O
84,"№09-02-165,",O
84,"149,",O
84,"166,",O
84,"183,",O
84,"188,",O
84,"189,",O
84,"216,",O
84,"215,",O
84,"202,",O
84,201,O
84,от,O
84,19.12.2022г.,O
85,Оплата,B-PAYMENT_TYPE
85,медицинских,B-PURPOSE
85,услуг,I-PURPOSE
85,не,I-PURPOSE
85,оказываемых,I-PURPOSE
85,в,I-PURPOSE
85,Республике,I-PURPOSE
85,Казахстан,I-PURPOSE
85,-,I-PURPOSE
85,лечение,I-PURPOSE
85,в,O
85,Medipol,B-ORG
85,Mega,I-ORG
85,Hospitals,I-ORG
85,"(Турция),",I-ORG
85,договор,O
85,№,O
85,09-02-198,O
85,от,O
85,28.12.22г.,O
86,Оплата,B-PAYMENT_TYPE
86,медицинских,B-PURPOSE
86,услуг,I-PURPOSE
86,не,I-PURPOSE
86,оказываемых,I-PURPOSE
86,в,I-PURPOSE
86,Республике,I-PURPOSE
86,Казахстан,I-PURPOSE
86,-,I-PURPOSE
86,лечение,I-PURPOSE
86,в,O
86,Anadolu,B-ORG
86,Medical,I-ORG
86,Center,I-ORG
86,договор,O
86,№,O
86,00001/09-,O
86,02-197,O
86,от,O
86,28.12.22г.,O
87,Возмещение,B-PAYMENT_TYPE
87,за,B-PURPOSE
87,услуги,I-PURPOSE
87,международной,I-PURPOSE
87,автоперевозки,I-PURPOSE
87,груза,I-PURPOSE
87,согласно,O
87,Договора,O
87,№9-02-12,O
87,от,O
87,01.07.2022,O
87,года,O
87,(КФ,O
87,"""ҚАМҚОРЛЫҚ",O
87,"ҚОРЫ"")",O
88,Возмещение,B-PAYMENT_TYPE
88,за,B-PURPOSE
88,услуги,I-PURPOSE
88,международной,I-PURPOSE
88,автоперевозки,I-PURPOSE
88,груза,I-PURPOSE
88,согласно,O
88,Договора,O
88,№9-02-12,O
88,от,O
88,01.07.2022,O
88,года,O
88,(КФ,O
88,"""ҚАМҚОРЛЫҚ",O
88,"ҚОРЫ"")",O
89,Благотворительная,B-PAYMENT_TYPE
89,помощь,I-PAYMENT_TYPE
89,ОФ,B-ORG
89,"""Қазақстан",I-ORG
89,"халқына""",I-ORG
89,3-м,B-PURPOSE
89,семьям,I-PURPOSE
89,погибших,I-PURPOSE
89,граждан,I-PURPOSE
89,во,O
89,время,O
89,январских,O
89,событий,O
90,Оплата,B-PAYMENT_TYPE
90,ООО,B-ORG
90,"""Речевая",I-ORG
90,аппаратура,I-ORG
90,"""УНИТОН""",I-ORG
90,за,B-PURPOSE
90,оборудование,I-PURPOSE
90,для,I-PURPOSE
90,оснащения,I-PURPOSE
90,специальных,I-PURPOSE
90,"школ,",I-PURPOSE
90,Договор,O
90,"№09-02-206,",O
90,"101,",O
90,"148,",O
90,168,O
90,от,O
90,28.12.2022,O
91,Предоплата,B-PAYMENT_TYPE
91,50,I-PAYMENT_TYPE
91,%,I-PAYMENT_TYPE
91,ИП,B-ORG
91,"""Давыдов",I-ORG
91,Олег,I-ORG
91,"Витальевич""",I-ORG
91,за,B-PURPOSE
91,оснащение,I-PURPOSE
91,"спец.школ,",I-PURPOSE
91,Договор,O
91,№09-02-180,O
91,от,O
91,28.12.2022,O
92,Оплата,B-PAYMENT_TYPE
92,ООО,B-ORG
92,"""Речевая",I-ORG
92,аппаратура,I-ORG
92,"""УНИТОН""",I-ORG
92,за,B-PURPOSE
92,оборудование,I-PURPOSE
92,для,I-PURPOSE
92,оснащения,I-PURPOSE
92,специальных,I-PURPOSE
92,"школ,",I-PURPOSE
92,Договор,O
92,№09-02-125,O
92,от,O
92,28.12.2022,O
93,Оплата,B-PAYMENT_TYPE
93,ООО,B-ORG
93,"""Алма""",I-ORG
93,за,B-PURPOSE
93,оборудование,I-PURPOSE
93,для,I-PURPOSE
93,оснащения,I-PURPOSE
93,специальных,I-PURPOSE
93,"школ,",I-PURPOSE
93,Договор,O
93,№09-02-146,O
93,от,O
93,28.12.2022г.,O
94,Образовательные,B-PURPOSE
94,гранты,B-PAYMENT_TYPE
94,ОФ,B-ORG
94,«Қазақстан,I-ORG
94,халқына»,I-ORG
94,и,O
94,стипендии,B-PAYMENT_TYPE
94,студентам,B-PURPOSE
94,НАО,B-ORG
94,"""Медицинский",I-ORG
94,университет,I-ORG
94,"Астана"",",I-ORG
94,Договор,O
94,№09-02-34/60,O
94,от,O
94,25.08.22г.,O
95,Образовательные,B-PURPOSE
95,гранты,B-PAYMENT_TYPE
95,ОФ,B-ORG
95,«Қазақстан,I-ORG
95,халқына»,I-ORG
95,и,O
95,стипендии,B-PAYMENT_TYPE
95,студентам,B-PURPOSE
95,Учр.,B-ORG
95,"""Екибастузский",I-ORG
95,инженерно-,I-ORG
95,технический,I-ORG
95,"институт""им.акад.К.Сатпаева,",I-ORG
95,Договор,O
95,№09-02-55/9,O
95,от,O
95,"28.10.22г.,",O
96,Образовательные,B-PURPOSE
96,гранты,B-PAYMENT_TYPE
96,ОФ,B-ORG
96,«Қазақстан,I-ORG
96,халқына»,I-ORG
96,и,O
96,стипендии,B-PAYMENT_TYPE
96,студентам,B-PURPOSE
96,НАО,B-ORG
96,"""Университет",I-ORG
96,"НАРХОЗ"",",I-ORG
96,Договор,O
96,№09-02-34/71,O
96,от,O
96,25.08.22г.,O
97,Образовательные,B-PURPOSE
97,гранты,B-PAYMENT_TYPE
97,ОФ,B-ORG
97,«Қазақстан,I-ORG
97,халқына»,I-ORG
97,и,O
97,стипендии,B-PAYMENT_TYPE
97,студентам,B-PURPOSE
97,НАО,B-ORG
97,"""УНИВЕРСИТЕТ",I-ORG
97,"КИМЭП"",",I-ORG
97,Договор,O
97,№09-02-,O
97,55/62,O
97,от,O
97,28.10.2022г.,O
98,Образовательные,B-PURPOSE
98,гранты,B-PAYMENT_TYPE
98,ОФ,B-ORG
98,«Қазақстан,I-ORG
98,халқына»,I-ORG
98,и,O
98,стипендии,B-PAYMENT_TYPE
98,студентам,B-PURPOSE
98,ТОО,B-ORG
98,"""Международный",I-ORG
98,университет,I-ORG
98,"Астана"",",I-ORG
98,Договор,O
98,№09-02-55/29,O
98,от,O
98,28.10.22г.,O
99,Образовательные,B-PURPOSE
99,гранты,B-PAYMENT_TYPE
99,ОФ,B-ORG
99,«Қазақстан,I-ORG
99,халқына»,I-ORG
99,и,O
99,стипендии,B-PAYMENT_TYPE
99,студентам,B-PURPOSE
99,РГУ,B-ORG
99,"""Казахская",I-ORG
99,национальная,I-ORG
99,академия,I-ORG
99,искусств,I-ORG
99,имени,I-ORG
99,"Т.К.Жургенова""",I-ORG
99,МКС,I-ORG
99,"РК,",I-ORG
99,Доп.соглаш.№1,O
99,от,O
99,23.12.22г.,O
99,к,O
99,Договору,O
99,№09-02-55/54,O
99,от,O
99,28.10.22г.,O
100,Образовательные,B-PURPOSE
100,гранты,B-PAYMENT_TYPE
100,ОФ,B-ORG
100,«Қазақстан,I-ORG
100,халқына»,I-ORG
100,и,O
100,стипендии,B-PAYMENT_TYPE
100,студентам,B-PURPOSE
100,НАО,B-ORG
100,"""КАЗНУ",I-ORG
100,ИМЕНИ,I-ORG
100,"АЛЬ-ФАРАБИ"",",I-ORG
100,Доп.согла.№1,O
100,от,O
100,30.12.22г.,O
100,к,O
100,Договору,O
100,№09-02-55/70,O
101,Образовательные,B-PURPOSE
101,гранты,B-PAYMENT_TYPE
101,ОФ,B-ORG
101,«Қазақстан,I-ORG
101,халқына»,I-ORG
101,и,O
101,стипендии,B-PAYMENT_TYPE
101,студентам,B-PURPOSE
101,НАО,B-ORG
101,"""Казахская",I-ORG
101,академия,I-ORG
101,спорта,I-ORG
101,и,I-ORG
101,"туризма"",",I-ORG
101,Доп.соглаш.№1,O
101,к,O
101,Договору,O
101,№09-02-55/14,O
101,от,O
101,28.10.2022г.,O
102,Образовательные,B-PURPOSE
102,гранты,B-PAYMENT_TYPE
102,ОФ,B-ORG
102,«Қазақстан,I-ORG
102,халқына»,I-ORG
102,и,O
102,стипендии,B-PAYMENT_TYPE
102,студентам,B-PURPOSE
102,ТОО,B-ORG
102,"""Евразийский",I-ORG
102,технологический,I-ORG
102,"университет"",",I-ORG
102,Договор,O
102,№09-02-55/66,O
102,от,O
102,28.10.22г.,O
103,Оплата,B-PAYMENT_TYPE
103,ТОО,B-ORG
103,"""НеоТекФарм""",I-ORG
103,за,B-PURPOSE
103,лекарственное,I-PURPOSE
103,средство,I-PURPOSE
103,-,O
103,Ленвима,O
103,"(Ленватиниб),",O
103,Договор,O
103,№09-02-36,O
103,от,O
103,07.09.22г.,O
104,Образовательные,B-PURPOSE
104,гранты,B-PAYMENT_TYPE
104,ОФ,B-ORG
104,«Қазақстан,I-ORG
104,халқына»,I-ORG
104,и,O
104,стипендии,B-PAYMENT_TYPE
104,студентам,B-PURPOSE
104,НАО,B-ORG
104,"""КАЗНУ",I-ORG
104,ИМЕНИ,I-ORG
104,"АЛЬ-ФАРАБИ"",",I-ORG
104,Доп.согла.№1,O
104,от,O
104,30.12.22г.,O
104,к,O
104,Договору,O
104,№09-02-55/70,O
105,Оплата,B-PAYMENT_TYPE
105,ТОО,B-ORG
105,"""НеоТекФарм""",I-ORG
105,за,B-PURPOSE
105,лекарственное,I-PURPOSE
105,средство,I-PURPOSE
105,-,O
105,Ремсима,O
105,(Инфликсимаб,O
105,"(Inflixmab),",O
105,Договор,O
105,№09-02-26,O
105,от,O
105,05.08.22г.,O
106,Возмещение,B-PAYMENT_TYPE
106,расходов,I-PAYMENT_TYPE
106,(НДС,O
106,с,O
106,импорта),O
106,ОФ,B-ORG
106,"""Батыр",I-ORG
106,"боламын!""",I-ORG
106,связанных,O
106,с,O
106,перевозкой,B-PURPOSE
106,и,I-PURPOSE
106,оснащением,I-PURPOSE
106,(спортивный,I-PURPOSE
106,инвентарь),I-PURPOSE
106,24,I-PURPOSE
106,детских,I-PURPOSE
106,спортивных,I-PURPOSE
106,"залов,",I-PURPOSE
106,Договор,O
106,№07-01-13,O
106,от,O
106,"15.06.22г.,",O
106,Доп.соглаш.№2,O
107,Оплата,B-PAYMENT_TYPE
107,ТОО,B-ORG
107,"""MD",I-ORG
107,"TECH""",I-ORG
107,за,B-PURPOSE
107,оборудование,I-PURPOSE
107,для,I-PURPOSE
107,офтальмологического,I-PURPOSE
107,скринига,I-PURPOSE
107,и,O
107,лечения,B-PURPOSE
107,ретинопатии,I-PURPOSE
107,"недоношенных,",I-PURPOSE
107,Договор,O
107,"№09-02-2/1,",O
107,"2,",O
107,"3,",O
107,4,O
107,от,O
107,20.01.23г.,O
108,Образовательные,B-PURPOSE
108,гранты,B-PAYMENT_TYPE
108,ОФ,B-ORG
108,«Қазақстан,I-ORG
108,халқына»,I-ORG
108,и,O
108,стипендии,B-PAYMENT_TYPE
108,студентам,B-PURPOSE
108,НАО,B-ORG
108,"""КАЗНУ",I-ORG
108,ИМЕНИ,I-ORG
108,"АЛЬ-ФАРАБИ"",",I-ORG
108,Доп.согла.№1,O
108,от,O
108,30.12.22г.,O
108,к,O
108,Договору,O
108,№09-02-55/70,O
109,Образовательные,B-PURPOSE
109,гранты,B-PAYMENT_TYPE
109,ОФ,B-ORG
109,«Қазақстан,I-ORG
109,халқына»,I-ORG
109,и,O
109,стипендии,B-PAYMENT_TYPE
109,студентам,B-PURPOSE
109,Учреждение,B-ORG
109,"""Университет",I-ORG
109,им.,I-ORG
109,Сулеймана,I-ORG
109,"Демиреля"",",I-ORG
109,Договор,O
109,№09-02-55/61,O
109,от,O
109,28.10.22г.,O
110,Образовательные,B-PURPOSE
110,гранты,B-PAYMENT_TYPE
110,ОФ,B-ORG
110,«Қазақстан,I-ORG
110,халқына»,I-ORG
110,и,O
110,стипендии,B-PAYMENT_TYPE
110,студентам,B-PURPOSE
110,ТОО,B-ORG
110,МВУЗ,I-ORG
110,Казахско-Русский,I-ORG
110,Международный,I-ORG
110,Университет,I-ORG
111,Образовательные,B-PURPOSE
111,гранты,B-PAYMENT_TYPE
111,ОФ,B-ORG
111,«Қазақстан,I-ORG
111,халқына»,I-ORG
111,и,O
111,стипендии,B-PAYMENT_TYPE
111,студентам,B-PURPOSE
111,НАО,B-ORG
111,"""Костанайский",I-ORG
111,региональный,I-ORG
111,университет,I-ORG
111,имени,I-ORG
111,А.,I-ORG
111,"Байтурсынова"",",I-ORG
111,по,O
111,Доп.соглаш.№1,O
111,Договору,O
111,№09-02-55/46,O
112,Образовательные,B-PURPOSE
112,гранты,B-PAYMENT_TYPE
112,ОФ,B-ORG
112,«Қазақстан,I-ORG
112,халқына»,I-ORG
112,и,O
112,стипендии,B-PAYMENT_TYPE
112,студентам,B-PURPOSE
112,НАО,B-ORG
112,"""Медицинский",I-ORG
112,университет,I-ORG
112,"Караганды"",",I-ORG
112,по,O
112,Доп.соглаш.№1,O
112,к,O
112,Договор,O
112,№09-02-55/28,O
112,от,O
112,28.10.22г.,O
113,Образовательные,B-PURPOSE
113,гранты,B-PAYMENT_TYPE
113,ОФ,B-ORG
113,«Қазақстан,I-ORG
113,халқына»,I-ORG
113,и,O
113,стипендии,B-PAYMENT_TYPE
113,студентам,B-PURPOSE
113,РГУ,B-ORG
113,"""Казахская",I-ORG
113,национальная,I-ORG
113,академия,I-ORG
113,искусств,I-ORG
113,имени,I-ORG
113,"Т.К.Жургенова""",I-ORG
113,МКС,I-ORG
113,"РК,",I-ORG
113,Доп.соглаш.№1,O
113,от,O
113,23.12.22г.,O
113,к,O
113,Договору,O
113,№09-02-55/54,O
113,от,O
113,28.10.22г.,O
114,Образовательные,B-PURPOSE
114,гранты,B-PAYMENT_TYPE
114,ОФ,B-ORG
114,«Қазақстан,I-ORG
114,халқына»,I-ORG
114,и,O
114,стипендии,B-PAYMENT_TYPE
114,студентам,B-PURPOSE
114,Учреждение,B-ORG
114,"""Казахский",I-ORG
114,автомобильно-дорожный,I-ORG
114,инст.,I-ORG
114,им.,I-ORG
114,"Гончарова"",",I-ORG
114,Договор,O
114,№09-02-55/37,O
114,от,O
114,28.10.2022г,O
115,Возмещение,B-PAYMENT_TYPE
115,ТОО,B-ORG
115,"""СК-ФАРМАЦИЯ""",I-ORG
115,таможенных,B-PURPOSE
115,расходов,B-PAYMENT_TYPE
115,за,B-PURPOSE
115,поставку,I-PURPOSE
115,лекарственных,I-PURPOSE
115,препаратов,I-PURPOSE
115,в,I-PURPOSE
115,РК,I-PURPOSE
116,Предоплата,B-PAYMENT_TYPE
116,50%,O
116,ТОО,B-ORG
116,"""Medicare",I-ORG
116,"International""",I-ORG
116,за,B-PURPOSE
116,изготовление,I-PURPOSE
116,протезов,I-PURPOSE
116,левой,I-PURPOSE
116,руки,I-PURPOSE
116,и,I-PURPOSE
116,левого,I-PURPOSE
116,бедра,I-PURPOSE
116,для,O
116,ID,O
116,42002,O
117,Возмещение,B-PAYMENT_TYPE
117,таможенных,B-PURPOSE
117,расходов,B-PAYMENT_TYPE
117,КФ,B-ORG
117,"""ҚАМҚОРЛЫҚ",I-ORG
117,"ҚОРЫ""",I-ORG
117,(таможенный,B-PAYMENT_TYPE
117,"сбор,",I-PAYMENT_TYPE
117,импортная,I-PAYMENT_TYPE
117,таможенная,I-PAYMENT_TYPE
117,"пошлина),",I-PAYMENT_TYPE
117,Договор,O
117,№9-02-12,O
117,от,O
117,01.07.22г.,O
118,Окончательная,B-PURPOSE
118,оплата,B-PAYMENT_TYPE
118,ТОО,B-ORG
118,"""Фармас""",I-ORG
118,за,B-PURPOSE
118,изготовление,I-PURPOSE
118,протезов,I-PURPOSE
118,ID,O
118,37848,O
119,Предоплата,B-PAYMENT_TYPE
119,50,I-PAYMENT_TYPE
119,%,I-PAYMENT_TYPE
119,ООО,B-ORG
119,"""АНРО",I-ORG
119,"ТЕХНОЛОДЖИ""",I-ORG
119,за,B-PURPOSE
119,оснащение,I-PURPOSE
119,спец.школ,I-PURPOSE
119,"(РК,",O
119,г.,O
119,Алматы,O
119,ул.,O
119,"Байзакова,",O
119,"д.273А),",O
119,Договор,O
119,№09-02,O
119,100,O
119,от,O
119,08.12.2022,O
120,ООО,B-ORG
120,"""Алма""",I-ORG
120,возврат,B-PAYMENT_TYPE
120,средств,I-PAYMENT_TYPE
121,Образовательные,B-PURPOSE
121,гранты,B-PAYMENT_TYPE
121,ОФ,B-ORG
121,«Қазақстан,I-ORG
121,халқына»,I-ORG
121,и,O
121,стипендии,B-PAYMENT_TYPE
121,НАО,B-ORG
121,"""Медицинский",I-ORG
121,университет,I-ORG
121,"Семей""",I-ORG
121,Договор,O
121,№09-02-34/29,O
121,от,O
121,25.08.22г.;,O
121,№09-02-64/8,O
121,от,O
121,10.11.22г.;,O
121,№09-02-55/78,O
121,от,O
121,28.10.2022г.;,O
121,Доп.соглаш.№1,O
122,Образовательные,B-PURPOSE
122,гранты,B-PAYMENT_TYPE
122,ОФ,B-ORG
122,«Қазақстан,I-ORG
122,халқына»,I-ORG
122,и,O
122,стипендии,B-PAYMENT_TYPE
122,НАО,B-ORG
122,"""КАЗНПУ",I-ORG
122,им.,I-ORG
122,"Абая""",I-ORG
122,Договор,O
122,№09-02-34/16,O
122,от,O
122,"25.08.22г.,",O
122,№09-02-55/36,O
122,от,O
122,"28.10.22г.,Доп.соглаш.№1.",O
123,Образовательные,B-PURPOSE
123,гранты,B-PAYMENT_TYPE
123,ОФ,B-ORG
123,«Қазақстан,I-ORG
123,халқына»,I-ORG
123,и,O
123,стипендии,B-PAYMENT_TYPE
123,НАО,B-ORG
123,"""Университет",I-ORG
123,им.,I-ORG
123,"Шакарима"",",I-ORG
123,Договор,O
123,№09-02-34/41,O
123,от,O
123,"25.08.2022г.,",O
123,09-02-55/49,O
123,от,O
123,"28.10.22г.,",O
123,Доп.соглаш.№1,O
124,Окончательная,B-PAYMENT_TYPE
124,оплата,I-PAYMENT_TYPE
124,50,I-PAYMENT_TYPE
124,%,I-PAYMENT_TYPE
124,ТОО,B-ORG
124,"""ИСКУ",I-ORG
124,КАЗАХСТАН,I-ORG
124,(ISKU,I-ORG
124,"KAZAKHSTAN)""",I-ORG
124,оснащение,B-PURPOSE
124,8-ми,I-PURPOSE
124,Центров,I-PURPOSE
124,для,I-PURPOSE
124,детей,I-PURPOSE
124,с,I-PURPOSE
124,"аутизмом,",I-PURPOSE
124,Договор,O
124,поставки,O
124,№,O
124,РАС,O
124,-,O
124,1-1,O
124,от,O
124,"28.06.22г.,",O
124,№РАС-5-1,O
124,от,O
124,28.06.22г.,O
125,Предоплата,B-PAYMENT_TYPE
125,50%,I-PAYMENT_TYPE
125,ТОО,B-ORG
125,"""Medicare",I-ORG
125,"International""",I-ORG
125,за,B-PURPOSE
125,изготовление,I-PURPOSE
125,голени,I-PURPOSE
125,для,I-PURPOSE
125,ID,I-PURPOSE
125,"41027,",I-PURPOSE
125,Договор,O
125,№09-4,O
125,от,O
125,17.05.2022г.,O
126,Возмещение,B-PAYMENT_TYPE
126,КФ,B-ORG
126,"""ҚАМҚОРЛЫҚ",I-ORG
126,"ҚОРЫ""",I-ORG
126,за,B-PURPOSE
126,услуги,I-PURPOSE
126,международной,I-PURPOSE
126,автоперевозки,I-PURPOSE
126,груза,I-PURPOSE
126,Договор,O
126,№09-02-12,O
126,от,O
126,01.07.2022,O
126,года,O
127,Образовательные,B-PURPOSE
127,гранты,B-PAYMENT_TYPE
127,ОФ,B-ORG
127,«Қазақстан,I-ORG
127,халқына»,I-ORG
127,и,O
127,стипендии,B-PAYMENT_TYPE
127,НАО,B-ORG
127,"""Аркалыкский",I-ORG
127,педагогический,I-ORG
127,институт,I-ORG
127,им.,I-ORG
127,И.,I-ORG
127,"Алтынсарина""",I-ORG
127,Договор,O
127,№09-02-34/33,O
127,от,O
127,"25.08.2022г.,Доп.соглаш.1",O
128,Образовательные,B-PURPOSE
128,гранты,B-PAYMENT_TYPE
128,ОФ,B-ORG
128,«Қазақстан,I-ORG
128,халқына»,I-ORG
128,и,O
128,стипендии,B-PAYMENT_TYPE
128,НАО,B-ORG
128,"""ЗКАТУ",I-ORG
128,им.,I-ORG
128,Жангир,I-ORG
128,"хана""социальной",I-ORG
128,стипендии,B-PAYMENT_TYPE
128,январь,O
128,по,O
128,Договор,O
128,№09-02-34/38,O
128,от,O
128,"25.08.2022г.,№09-02-55/67",O
128,от,O
128,28.10.2022г.,O
129,Образовательные,B-PURPOSE
129,гранты,B-PAYMENT_TYPE
129,ОФ,B-ORG
129,«Қазақстан,I-ORG
129,халқына»,I-ORG
129,и,O
129,стипендии,B-PAYMENT_TYPE
129,УО,B-ORG
129,"""Alikhan",I-ORG
129,Bokeikhan,I-ORG
129,"University""",I-ORG
129,Договор,O
129,№09-02-34/40,O
129,от,O
129,"25.08.22г.,",O
129,"№09-02-55/33,",O
129,"Доп.соглаш.1,",O
129,№09-02-64/1,O
129,от,O
129,10.11.22г,O
130,Образовательные,B-PURPOSE
130,гранты,B-PAYMENT_TYPE
130,ОФ,B-ORG
130,«Қазақстан,I-ORG
130,халқына»,I-ORG
130,и,O
130,стипендии,B-PAYMENT_TYPE
130,РГУ,B-ORG
130,"""Казахский",I-ORG
130,национальный,I-ORG
130,университет,I-ORG
130,"искусств""",I-ORG
130,МКиС,I-ORG
130,РК,I-ORG
130,Доп.соглаш.1,O
130,от,O
130,28.12.22.г.к,O
130,Договор,O
130,№09-02-55/70,O
130,от,O
130,28.10.22г.,O
131,Образовательные,B-PURPOSE
131,гранты,B-PAYMENT_TYPE
131,ОФ,B-ORG
131,«Қазақстан,I-ORG
131,халқына»,I-ORG
131,и,O
131,стипендии,B-PAYMENT_TYPE
131,Учреждение,B-ORG
131,"""Кокшетауский",I-ORG
131,университет,I-ORG
131,им.,I-ORG
131,Абая,I-ORG
131,"Мырзахметова"",",I-ORG
131,Договор,O
131,№09-02-64/7,O
131,от,O
131,10.11.22г.,O
132,Образовательные,B-PURPOSE
132,гранты,B-PAYMENT_TYPE
132,ОФ,B-ORG
132,«Қазақстан,I-ORG
132,халқына»,I-ORG
132,и,O
132,стипендии,B-PAYMENT_TYPE
132,ТОО,B-ORG
132,"""Аstana",I-ORG
132,IT,I-ORG
132,"University"",",I-ORG
132,Договор,O
132,№09-02-55/58,O
132,от,O
132,"28.10,2022г.",O
133,Образовательные,B-PURPOSE
133,гранты,B-PAYMENT_TYPE
133,ОФ,B-ORG
133,«Қазақстан,I-ORG
133,халқына»,I-ORG
133,и,O
133,стипендии,B-PAYMENT_TYPE
133,ЧУ,B-ORG
133,"""Египетский",I-ORG
133,университет,I-ORG
133,Исламской,I-ORG
133,"культуры""НУР-",I-ORG
133,"МУБАРАК"",",I-ORG
133,Договор,O
133,№09-02-55/8,O
133,от,O
133,2810.2022г.,O
134,Образовательные,B-PURPOSE
134,гранты,B-PAYMENT_TYPE
134,ОФ,B-ORG
134,«Қазақстан,I-ORG
134,халқына»,I-ORG
134,и,O
134,стипендии,B-PAYMENT_TYPE
134,Учреждение,B-ORG
134,Академия,I-ORG
134,"""Кайнар"",",I-ORG
134,Договор,O
134,№09-02-34/15,O
134,от,O
134,"25.08.22г.,",O
134,№09-02-55/65,O
134,от,O
134,28.10.2022г.,O
135,Образовательные,B-PURPOSE
135,гранты,B-PAYMENT_TYPE
135,ОФ,B-ORG
135,«Қазақстан,I-ORG
135,халқына»,I-ORG
135,и,O
135,стипендии,B-PAYMENT_TYPE
135,НАО,B-ORG
135,"""Западно-Казахстанский",I-ORG
135,медицинский,I-ORG
135,университет,I-ORG
135,имени,I-ORG
135,Марата,I-ORG
135,"Оспанова"",",I-ORG
135,Договор,O
135,№09-02-55/13,O
135,от,O
135,"28.10.22г.,",O
135,№09-02-,O
135,55/13,O
135,от,O
135,28.10.22г.,O
136,Образовательные,B-PURPOSE
136,гранты,B-PAYMENT_TYPE
136,ОФ,B-ORG
136,«Қазақстан,I-ORG
136,халқына»,I-ORG
136,и,O
136,стипендии,B-PAYMENT_TYPE
136,Учреждение,B-ORG
136,"""Евразийская",I-ORG
136,юридическая,I-ORG
136,академия,I-ORG
136,имени,I-ORG
136,"Д.А.Кунаева"",",I-ORG
136,Договор,O
136,№09-02-55/43,O
136,от,O
136,28.10.2022г.,O
137,Образовательные,B-PURPOSE
137,гранты,B-PAYMENT_TYPE
137,ОФ,B-ORG
137,«Қазақстан,I-ORG
137,халқына»,I-ORG
137,и,O
137,стипендии,B-PAYMENT_TYPE
137,Учреждение,B-ORG
137,"""Казахский",I-ORG
137,автомобильно-дорожный,I-ORG
137,инст.,I-ORG
137,им.,I-ORG
137,"Гончарова"",",I-ORG
137,Договор,O
137,№09-02-34/34,O
137,от,O
137,25.08.2022г.,O
137,№09-02-55/37,O
138,Образовательные,B-PURPOSE
138,гранты,B-PAYMENT_TYPE
138,ОФ,B-ORG
138,«Қазақстан,I-ORG
138,халқына»,I-ORG
138,и,O
138,стипендии,B-PAYMENT_TYPE
138,ЧУ,B-ORG
138,"""Египетский",I-ORG
138,университет,I-ORG
138,Исламской,I-ORG
138,"культуры""НУР-",I-ORG
138,"МУБАРАК"",",I-ORG
138,Договор,O
138,№09-02-34/7,O
138,от,O
138,"25.08.2022г.,",O
138,№09-02-34/39,O
138,от,O
138,25.08.22г,O
139,Образовательные,B-PURPOSE
139,гранты,B-PAYMENT_TYPE
139,ОФ,B-ORG
139,«Қазақстан,I-ORG
139,халқына»,I-ORG
139,и,O
139,стипендии,B-PAYMENT_TYPE
139,НАО,B-ORG
139,"""Восточно-Казахстанский",I-ORG
139,Университет,I-ORG
139,им.,I-ORG
139,Сарсена,I-ORG
139,"Аманжолова"",",I-ORG
139,Договор,O
139,№09-02-34/39,O
139,от,O
139,"25.08.22г.,",O
139,списка:,O
139,1,O
139,курс,O
139,8,O
139,студентов,O
140,Образовательные,B-PURPOSE
140,гранты,B-PAYMENT_TYPE
140,ОФ,B-ORG
140,«Қазақстан,I-ORG
140,халқына»,I-ORG
140,и,O
140,стипендии,B-PAYMENT_TYPE
140,ТОО,B-ORG
140,"""Академия",I-ORG
140,физической,I-ORG
140,культуры,I-ORG
140,и,I-ORG
140,массового,I-ORG
140,"спорта"",",I-ORG
140,Договор,O
140,№09-02-64/2,O
140,от,O
140,10.11.22г.,O
141,Образовательные,B-PURPOSE
141,гранты,B-PAYMENT_TYPE
141,ОФ,B-ORG
141,«Қазақстан,I-ORG
141,халқына»,I-ORG
141,и,O
141,стипендии,B-PAYMENT_TYPE
141,ТОО,B-ORG
141,"""Центрально-Азиатский",I-ORG
141,Инновационный,I-ORG
141,"Университет"",",I-ORG
141,Договор,O
141,№09-02-55/50,O
141,от,O
141,28.10.22г.,O
142,Образовательные,B-PURPOSE
142,гранты,B-PAYMENT_TYPE
142,ОФ,B-ORG
142,«Қазақстан,I-ORG
142,халқына»,I-ORG
142,и,O
142,стипендии,B-PAYMENT_TYPE
142,НАО,B-ORG
142,"""Жетысуский",I-ORG
142,университет,I-ORG
142,им.,I-ORG
142,Ильяса,I-ORG
142,"Жансугурова"",",I-ORG
142,Договор,O
142,№09-02-34/20,O
142,от,O
142,"25.08.22г.,",O
142,№09-02-55/11,O
142,от,O
142,28.10.2022г.,O
143,Образовательные,B-PURPOSE
143,гранты,B-PAYMENT_TYPE
143,ОФ,B-ORG
143,«Қазақстан,I-ORG
143,халқына»,I-ORG
143,и,O
143,стипендии,B-PAYMENT_TYPE
143,Учреждение,B-ORG
143,"""Международный",I-ORG
143,Таразский,I-ORG
143,инновационный,I-ORG
143,институт,I-ORG
143,им.,I-ORG
143,Ш.,I-ORG
143,"Муртазы"",",I-ORG
143,Договор,O
143,№09-02-34/64,O
143,от,O
143,25.08.2022г.,O
143,Доп.соглаш.№1,O
143,к,O
143,Договор,O
143,№09-02-55/47,O
143,от,O
143,28.10.2022г.,O
144,Образовательные,B-PURPOSE
144,гранты,B-PAYMENT_TYPE
144,ОФ,B-ORG
144,«Қазақстан,I-ORG
144,халқына»,I-ORG
144,и,O
144,стипендии,B-PAYMENT_TYPE
144,АО,B-ORG
144,"""Казахский",I-ORG
144,университет,I-ORG
144,технологии,I-ORG
144,и,I-ORG
144,"бизнеса""",I-ORG
144,Договор,O
144,№09-,O
144,02-55/19,O
144,от,O
144,28.10.2022г.,O
144,№09-02-34/6,O
144,от,O
144,25.08.22г.,O
145,Образовательные,B-PURPOSE
145,гранты,B-PAYMENT_TYPE
145,ОФ,B-ORG
145,«Қазақстан,I-ORG
145,халқына»,I-ORG
145,и,O
145,стипендииНАО,B-PAYMENT_TYPE
145,"""КАЗ",B-ORG
145,НИТУ,I-ORG
145,им.,I-ORG
145,К.И.,I-ORG
145,"Сатпаева""",I-ORG
145,Договор,O
145,№09-02-,O
145,34/54,O
145,от,O
145,"25.08.22г.,",O
145,№09-02-55/69,O
145,от,O
145,28.10.2022г.,O
146,Образовательные,B-PURPOSE
146,гранты,B-PAYMENT_TYPE
146,ОФ,B-ORG
146,«Қазақстан,I-ORG
146,халқына»,I-ORG
146,и,O
146,стипендии,B-PAYMENT_TYPE
146,НАО,B-ORG
146,"""Атырауский",I-ORG
146,университет,I-ORG
146,нефти,I-ORG
146,и,I-ORG
146,"газа""",I-ORG
146,им.,I-ORG
146,Сафи,I-ORG
146,Утебаева,I-ORG
146,Договор,O
146,№09-02-34/49,O
146,от,O
146,"25.08.22г.,",O
146,№09-02-55/59,O
146,от,O
146,28.10.2022г.,O
147,Образовательные,B-PURPOSE
147,гранты,B-PAYMENT_TYPE
147,ОФ,B-ORG
147,«Қазақстан,I-ORG
147,халқына»,I-ORG
147,и,O
147,стипендии,B-PAYMENT_TYPE
147,АО,B-ORG
147,"""Южно-Казахстанская",I-ORG
147,медицинская,I-ORG
147,академия»,I-ORG
147,Договор,O
147,№09-,O
147,02-34/74,O
147,от,O
147,"25.08.22г.,",O
147,№09-02-55/84,O
147,от,O
147,"25.08.22г.,",O
148,Образовательные,B-PURPOSE
148,гранты,B-PAYMENT_TYPE
148,ОФ,B-ORG
148,«Қазақстан,I-ORG
148,халқына»,I-ORG
148,и,O
148,стипендии,B-PAYMENT_TYPE
148,АО,B-ORG
148,"""Академия",I-ORG
148,гражданской,I-ORG
148,"авиации""",I-ORG
148,Договор,O
148,№09-02-34/44,O
148,от,O
148,"25.08.22г.,",O
148,№09-02-55/56,O
148,от,O
148,28.10.2022г.,O
149,Образовательные,B-PURPOSE
149,гранты,B-PAYMENT_TYPE
149,ОФ,B-ORG
149,«Қазақстан,I-ORG
149,халқына»,I-ORG
149,и,O
149,стипендии,B-PAYMENT_TYPE
149,АО,B-ORG
149,"""Алматинский",I-ORG
149,технологический,I-ORG
149,"университет""",I-ORG
149,Договор,O
149,№09-,O
149,02-34/26,O
149,от,O
149,"25.08.2022г.,",O
149,№09-02-55/4,O
149,от,O
149,28.10.2022,O
150,Образовательные,B-PURPOSE
150,гранты,B-PAYMENT_TYPE
150,ОФ,B-ORG
150,«Қазақстан,I-ORG
150,халқына»,I-ORG
150,и,O
150,стипендии,B-PAYMENT_TYPE
150,НАО,B-ORG
150,"""Карагандинский",I-ORG
150,государственный,I-ORG
150,индустриальный,I-ORG
150,"университет""",I-ORG
150,Договор,O
150,№09-02-34/31,O
150,от,O
150,"25.08.22г.,",O
150,№09-02-55/23,O
150,от,O
150,28.10.22г.,O
151,Образовательные,B-PURPOSE
151,гранты,B-PAYMENT_TYPE
151,ОФ,B-ORG
151,«Қазақстан,I-ORG
151,халқына»,I-ORG
151,и,O
151,стипендии,B-PAYMENT_TYPE
151,НАО,B-ORG
151,"""Казахский",I-ORG
151,агротехнический,I-ORG
151,университет,I-ORG
151,им.С.,I-ORG
151,"Сейфуллина""",I-ORG
151,Договор,O
151,№09-02-34/51,O
151,от,O
151,"25.08.22г.,",O
151,№09-02-55/15,O
152,Образовательные,B-PURPOSE
152,гранты,B-PAYMENT_TYPE
152,ОФ,B-ORG
152,«Қазақстан,I-ORG
152,халқына»,I-ORG
152,и,O
152,стипендии,B-PAYMENT_TYPE
152,НАО,B-ORG
152,"""Павлодарский",I-ORG
152,государственный,I-ORG
152,педагогический,I-ORG
152,"университет""",I-ORG
152,Договор,O
152,№09-02-34/18,O
152,от,O
152,"25.08.22г.,",O
152,№09-02-55/80,O
152,от,O
152,28.10.2022г,O
153,Образовательные,B-PURPOSE
153,гранты,B-PAYMENT_TYPE
153,ОФ,B-ORG
153,«Қазақстан,I-ORG
153,халқына»,I-ORG
153,и,O
153,стипендии,B-PAYMENT_TYPE
153,Учреждение,B-ORG
153,"""Университет",I-ORG
153,им.,I-ORG
153,Сулеймана,I-ORG
153,"Демиреля"",",I-ORG
153,Договор,O
153,№09-02-34/69,O
153,от,O
153,"25.08.22г.,",O
153,№09-02-55/61,O
153,от,O
153,"28.10.22г.,",O
154,Образовательные,B-PURPOSE
154,гранты,B-PAYMENT_TYPE
154,ОФ,B-ORG
154,«Қазақстан,I-ORG
154,халқына»,I-ORG
154,и,O
154,стипендии,B-PAYMENT_TYPE
154,ТОО,B-ORG
154,"""Университет",I-ORG
154,им.,I-ORG
154,Жумабека,I-ORG
154,Ахметулы,I-ORG
154,"Ташенева""",I-ORG
154,Договор,O
154,№09-02-34/72,O
154,от,O
154,"25.08.22г.,",O
154,№09-02-55/82,O
155,Образовательные,B-PURPOSE
155,гранты,B-PAYMENT_TYPE
155,ОФ,B-ORG
155,«Қазақстан,I-ORG
155,халқына»,I-ORG
155,и,O
155,стипендии,B-PAYMENT_TYPE
155,НАО,B-ORG
155,"""Атырауский",I-ORG
155,университет,I-ORG
155,нефти,I-ORG
155,и,I-ORG
155,"газа""",I-ORG
155,им.,I-ORG
155,Сафи,I-ORG
155,Утебаева,I-ORG
155,Договор,O
155,№09-02-34/49,O
155,от,O
155,"25.08.22г.,",O
155,№09-02-55/59,O
155,от,O
155,28.10.2022г.-,O
156,Образовательные,B-PURPOSE
156,гранты,B-PAYMENT_TYPE
156,ОФ,B-ORG
156,«Қазақстан,I-ORG
156,халқына»,I-ORG
156,и,O
156,стипендии,B-PAYMENT_TYPE
156,Учреждение,B-ORG
156,"""Кокшетауский",I-ORG
156,университет,I-ORG
156,им.,I-ORG
156,Абая,I-ORG
156,"Мырзахметова""Договор",I-ORG
156,№09-02-34/57,O
156,от,O
156,25.08.22г.,O
157,Образовательные,B-PURPOSE
157,гранты,B-PAYMENT_TYPE
157,ОФ,B-ORG
157,«Қазақстан,I-ORG
157,халқына»,I-ORG
157,и,O
157,стипендии,B-PAYMENT_TYPE
157,НАО,B-ORG
157,"""Каспийский",I-ORG
157,университет,I-ORG
157,технологии,I-ORG
157,и,I-ORG
157,инжиниринга,I-ORG
157,им.,I-ORG
157,"Ш.Есенова""",I-ORG
157,Договор,O
157,№09-02-34/11,O
157,от,O
157,"25.08.22г.,",O
157,№09-02-64/6,O
157,от,O
157,"10.11.22г.,",O
157,Доп.соглаш.1,O
158,Образовательные,B-PURPOSE
158,гранты,B-PAYMENT_TYPE
158,ОФ,B-ORG
158,«Қазақстан,I-ORG
158,халқына»,I-ORG
158,и,O
158,стипендии,B-PAYMENT_TYPE
158,Учреждение,B-ORG
158,"""Международный",I-ORG
158,Таразский,I-ORG
158,инновационный,I-ORG
158,институт,I-ORG
158,им.,I-ORG
158,Ш.,I-ORG
158,"Муртазы""",I-ORG
158,Договор,O
158,№09-02-55/47,O
158,от,O
158,28.10.2022г.,O
159,Возмещение,B-PAYMENT_TYPE
159,таможенных,B-PURPOSE
159,расходов,I-PURPOSE
159,КФ,B-ORG
159,"""ҚАМҚОРЛЫҚ",I-ORG
159,"ҚОРЫ""",I-ORG
159,Договор,O
159,№09-02-12,O
159,от,O
159,01.07.2022,O
159,г.,O
160,Благотворительная,B-PAYMENT_TYPE
160,помощь,I-PAYMENT_TYPE
160,ОФ,B-ORG
160,"""Қазақстан",I-ORG
160,"халқына""",I-ORG
160,семьям,B-PURPOSE
160,погибших,I-PURPOSE
160,граждан,I-PURPOSE
160,во,O
160,время,O
160,январских,O
160,событий,O
160,в,O
160,2022,O
160,году,O
161,Окончательная,B-PAYMENT_TYPE
161,плата,I-PAYMENT_TYPE
161,Blazebrite,B-ORG
161,Ltd,I-ORG
161,TA,I-ORG
161,Experia,I-ORG
161,за,B-PURPOSE
161,поставку,I-PURPOSE
161,оборудования,I-PURPOSE
161,для,I-PURPOSE
161,оснашения,I-PURPOSE
161,13,I-PURPOSE
161,центров,I-PURPOSE
161,раннего,I-PURPOSE
161,вмешательства,I-PURPOSE
161,.,O
161,Дог.,O
161,№09-02-21,O
161,от,O
161,01.08.2022,O
162,Окончательная,B-PAYMENT_TYPE
162,оплата,I-PAYMENT_TYPE
162,Blazebrite,B-ORG
162,Ltd,I-ORG
162,TA,I-ORG
162,Experia,I-ORG
162,за,B-PURPOSE
162,поставку,I-PURPOSE
162,оборуд.для,I-PURPOSE
162,оснащ.,I-PURPOSE
162,8,I-PURPOSE
162,центров,I-PURPOSE
162,для,I-PURPOSE
162,детей,I-PURPOSE
162,с,I-PURPOSE
162,аутизмом,I-PURPOSE
162,и,I-PURPOSE
162,др.ментальными,I-PURPOSE
162,нар-ми.,I-PURPOSE
162,Дог.№09-02-22,O
162,от,O
162,01.08.2022,O
163,Образовательные,B-PURPOSE
163,гранты,B-PAYMENT_TYPE
163,ОФ,B-ORG
163,«Қазақстан,I-ORG
163,халқына»,I-ORG
163,и,O
163,стипендии,B-PAYMENT_TYPE
163,НАО,B-ORG
163,"""ЗКУ",I-ORG
163,им.,I-ORG
163,М.,I-ORG
163,"Утемисова""",I-ORG
163,Договор,O
163,№09-02-55/12,O
163,от,O
163,28.10.2022г.,O
163,Доп.соглаш.№1,O
163,к,O
163,№09-02-55/12,O
163,от,O
163,28.10.2022г.,O
164,Образовательные,B-PURPOSE
164,гранты,B-PAYMENT_TYPE
164,ОФ,B-ORG
164,«Қазақстан,I-ORG
164,халқына»,I-ORG
164,и,O
164,стипендии,B-PAYMENT_TYPE
164,ЧВПОУ,B-ORG
164,«Западно-Казахстанский,I-ORG
164,инновационно-технологический,I-ORG
164,университет»,I-ORG
164,Договор,O
164,№09-02-34/50,O
164,от,O
164,"25.08.2022г.,№09-02-",O
164,55/68,O
164,от,O
164,28.10.22,O
164,г.,O
165,Образовательные,B-PURPOSE
165,гранты,B-PAYMENT_TYPE
165,ОФ,B-ORG
165,«Қазақстан,I-ORG
165,халқына»,I-ORG
165,и,O
165,стипендии,B-PAYMENT_TYPE
165,НАО,B-ORG
165,"""Аркалыкский",I-ORG
165,педагогический,I-ORG
165,институт,I-ORG
165,им.,I-ORG
165,И.,I-ORG
165,"Алтынсарина""",I-ORG
165,Договор,O
165,№09-02-34/33,O
165,от,O
165,25.08.2022г.,O
166,Образовательные,B-PURPOSE
166,гранты,B-PAYMENT_TYPE
166,ОФ,B-ORG
166,«Қазақстан,I-ORG
166,халқына»,I-ORG
166,и,O
166,стипендии,B-PAYMENT_TYPE
166,Учреждение,B-ORG
166,"""Кокшетауский",I-ORG
166,университет,I-ORG
166,им.,I-ORG
166,Абая,I-ORG
166,"Мырзахметова""",I-ORG
166,Договор,O
166,№09-02-64/7,O
166,от,O
166,"10.11.22г.,",O
166,с№09-02-55/25,O
166,от,O
166,"28.10.22г.,",O
167,Образовательные,B-PURPOSE
167,гранты,B-PAYMENT_TYPE
167,ОФ,B-ORG
167,«Қазақстан,I-ORG
167,халқына»,I-ORG
167,и,O
167,стипендии,B-PAYMENT_TYPE
167,Учреждение,B-ORG
167,"""МКТУ",I-ORG
167,им.,I-ORG
167,Х.,I-ORG
167,"А.Ясави""",I-ORG
167,Договор,O
167,№09-02-34/63,O
167,от,O
167,25.08.2022г.,O
167,№09-02-55/79,O
167,от,O
167,28.10.2022г,O
168,Образовательные,B-PURPOSE
168,гранты,B-PAYMENT_TYPE
168,ОФ,B-ORG
168,«Қазақстан,I-ORG
168,халқына»,I-ORG
168,и,O
168,стипендии,B-PAYMENT_TYPE
168,ЧУ,B-ORG
168,"""Египетский",I-ORG
168,университет,I-ORG
168,Исламской,I-ORG
168,"культуры""НУР-",I-ORG
168,"МУБАРАК""",I-ORG
168,Договор,O
168,№09-02-34/7,O
168,от,O
168,25.08.2022г.,O
169,Образовательные,B-PURPOSE
169,гранты,B-PAYMENT_TYPE
169,ОФ,B-ORG
169,«Қазақстан,I-ORG
169,халқына»,I-ORG
169,и,O
169,стипендии,B-PAYMENT_TYPE
169,ТОО,B-ORG
169,"""Академия",I-ORG
169,физической,I-ORG
169,культуры,I-ORG
169,и,I-ORG
169,массового,I-ORG
169,"спорта"",",I-ORG
169,Договор,O
169,№09-02-34/45,O
169,от,O
169,"25.08.22г.,",O
169,№09-02-55/53,O
169,от,O
169,28.10.2022г.,O
169,Доп.соглаш.№1,O
170,Образовательные,B-PURPOSE
170,гранты,B-PAYMENT_TYPE
170,ОФ,B-ORG
170,«Қазақстан,I-ORG
170,халқына»,I-ORG
170,и,O
170,стипендии,B-PAYMENT_TYPE
170,НАО,B-ORG
170,"""КАЗ",I-ORG
170,НИТУ,I-ORG
170,им.,I-ORG
170,К.И.,I-ORG
170,"Сатпаева""",I-ORG
170,по,O
170,Доп.соглаш.№1,O
170,к,O
170,Договор,O
170,№09-02-55/69,O
170,от,O
170,28.10.22г.,O
171,Образовательные,B-PURPOSE
171,гранты,B-PAYMENT_TYPE
171,ОФ,B-ORG
171,«Қазақстан,I-ORG
171,халқына»,I-ORG
171,и,O
171,стипендии,B-PAYMENT_TYPE
171,НАО,B-ORG
171,"""Университет",I-ORG
171,"НАРХОЗ""",I-ORG
171,Договор,O
171,№09-02-34/71,O
171,от,O
171,"25.08.22г.,",O
171,№09-02-55/81,O
171,от,O
171,28.10.22г.,O
172,Образовательные,B-PURPOSE
172,гранты,B-PAYMENT_TYPE
172,ОФ,B-ORG
172,«Қазақстан,I-ORG
172,халқына»,I-ORG
172,и,O
172,стипендии,B-PAYMENT_TYPE
172,НАО,B-ORG
172,"""КАЗНУ",I-ORG
172,ИМЕНИ,I-ORG
172,"АЛЬ-ФАРАБИ""",I-ORG
172,Доп.согла.№1,O
172,от,O
172,30.12.22г.,O
172,к,O
172,Договор,O
172,№09-02-55/70,O
172,от,O
172,28.10.2022г.,O
172,2,O
172,студента,O
173,Благотворительная,B-PAYMENT_TYPE
173,помощь,I-PAYMENT_TYPE
173,ОФ,B-ORG
173,«Қазақстан,I-ORG
173,халқына»,I-ORG
173,семьям,B-PURPOSE
173,2-м,I-PURPOSE
173,раненным,I-PURPOSE
173,гражданам,I-PURPOSE
173,РК,I-PURPOSE
173,во,I-PURPOSE
173,время,I-PURPOSE
173,трагических,I-PURPOSE
173,"событий,",I-PURPOSE
173,произошедших,I-PURPOSE
173,в,I-PURPOSE
173,январе,I-PURPOSE
173,2022,I-PURPOSE
173,года,I-PURPOSE
174,Предоплата,B-PAYMENT_TYPE
174,50%,I-PAYMENT_TYPE
174,ТОО,B-ORG
174,"""Medicare",I-ORG
174,"International""",I-ORG
174,за,B-PURPOSE
174,изготовление,I-PURPOSE
174,протеза,I-PURPOSE
174,голени,I-PURPOSE
174,для,I-PURPOSE
174,ID,I-PURPOSE
174,"41135,",I-PURPOSE
174,Договор,O
174,№09-4,O
174,от,O
174,17.05.2022г.,O
175,Предоплата,B-PAYMENT_TYPE
175,50%,I-PAYMENT_TYPE
175,ТОО,B-ORG
175,"""Medicare",I-ORG
175,"International""",I-ORG
175,за,B-PURPOSE
175,изготовление,I-PURPOSE
175,протеза,I-PURPOSE
175,голени,I-PURPOSE
175,для,I-PURPOSE
175,ID,I-PURPOSE
175,"41141,",I-PURPOSE
175,Договор,O
175,№09-4,O
175,от,O
175,17.05.2022г.,O
176,Образовательные,B-PURPOSE
176,гранты,B-PAYMENT_TYPE
176,ОФ,B-ORG
176,«Қазақстан,I-ORG
176,халқына»,I-ORG
176,и,O
176,стипендии,B-PAYMENT_TYPE
176,УО,B-ORG
176,"""Алматы",I-ORG
176,Менеджмент,I-ORG
176,"Университет"",",I-ORG
176,Договор,O
176,№09-02-34/27,O
176,от,O
176,25.08.2022г.,O
176,№09-02-55/1,O
176,от,O
176,28.10.2022г.,O
177,Образовательные,B-PURPOSE
177,гранты,B-PAYMENT_TYPE
177,ОФ,B-ORG
177,«Қазақстан,I-ORG
177,халқына»,I-ORG
177,и,O
177,стипендии,B-PAYMENT_TYPE
177,АО,B-ORG
177,"""Академия",I-ORG
177,логистики,I-ORG
177,и,I-ORG
177,"транспорта"",",I-ORG
177,Договор,O
177,№09-02-34/43,O
177,от,O
177,"25.08.22г.,",O
177,№09-02-55/41,O
177,от,O
177,28.10.2022г.,O
178,Образовательные,B-PURPOSE
178,гранты,B-PAYMENT_TYPE
178,ОФ,B-ORG
178,«Қазақстан,I-ORG
178,халқына»,I-ORG
178,и,O
178,стипендии,B-PAYMENT_TYPE
178,АО,B-ORG
178,"""Алматинский",I-ORG
178,технологический,I-ORG
178,"университет"",",I-ORG
178,Договор,O
178,№09-,O
178,02-34/26,O
178,от,O
178,25.08.2022г.,O
178,№09-02-64/4,O
178,от,O
178,10.11.2022,O
179,Тайбурыл,B-ORG
179,Выплата,B-PAYMENT_TYPE
179,стипендии,I-PAYMENT_TYPE
179,Частное,B-ORG
179,учреждение,I-ORG
179,"""Академия",I-ORG
179,"""Bolashaq""",I-ORG
179,февраль,O
179,2023г.,O
179,по,O
179,Договор,O
179,№09-02-55/73,O
179,от,O
179,"28.10.22г.,",O
179,1,O
179,студент,O
180,НАО,B-ORG
180,"""ВКТУ""",I-ORG
180,им.,I-ORG
180,Д.Серикбаева,I-ORG
180,Договор,O
180,№09-02-34/17,O
180,от,O
180,25.08.2022г.№09-02-55/42,O
180,от,O
180,28.10.2022г.,O
181,АО,B-ORG
181,"""Академия",I-ORG
181,гражданской,I-ORG
181,"авиации""",I-ORG
181,Договор,O
181,№09-02-34/44,O
181,от,O
181,"25.08.22г.,",O
181,№09-02-55/42,O
181,от,O
181,28.10.2022г.,O
182,НАО,B-ORG
182,"""АРУ",I-ORG
182,им.,I-ORG
182,"К.Жубанова""",I-ORG
182,Договор,O
182,№09-02-34/46,O
182,от,O
182,25.08.2022г.,O
182,№09-02-55/34,O
183,АО,B-ORG
183,"""Алматинский",I-ORG
183,технологический,I-ORG
183,"университет""",I-ORG
183,Договор,O
183,№09-,O
183,02-55/4,O
183,от,O
183,28.10.2022,O
183,года.,O
183,списка:,O
183,10,O
183,студентов,O
184,Учреждение,B-ORG
184,"""МКТУ",I-ORG
184,им.,I-ORG
184,Х.,I-ORG
184,"А.Ясави""Договор",I-ORG
184,№09-02-55/79,O
184,от,O
184,28.10.2022г.г.,O
184,списка:,O
184,15,O
184,студентов,O
185,Возврат,B-PAYMENT_TYPE
185,средств,I-PAYMENT_TYPE
185,от,O
185,АО,B-ORG
185,"""Академия",I-ORG
185,логистики,I-ORG
185,и,I-ORG
185,"транспорта""",I-ORG
185,в,O
185,связи,O
185,с,O
185,отчислением,O
185,студентов,O
186,Возмещение,B-PAYMENT_TYPE
186,КФ,B-ORG
186,"""ҚАМҚОРЛЫҚ",I-ORG
186,"ҚОРЫ""",I-ORG
186,таможенных,B-PURPOSE
186,расходов,B-PAYMENT_TYPE
186,(таможенный,B-PURPOSE
186,"сбор,",I-PURPOSE
186,"СВХ,",I-PURPOSE
186,экспедиторские,I-PURPOSE
186,"услуги),",I-PURPOSE
186,оформление,I-PURPOSE
186,3,I-PURPOSE
186,сенсорных,I-PURPOSE
186,"комнат,",I-PURPOSE
186,Договор,O
186,№9-02-12,O
186,от,O
186,01.07.2022,O
186,года,O
187,Предоплата,B-PAYMENT_TYPE
187,50%,I-PAYMENT_TYPE
187,ТОО,B-ORG
187,"""Medicare",I-ORG
187,"International""",I-ORG
187,за,B-PURPOSE
187,изготовление,I-PURPOSE
187,протеза,I-PURPOSE
187,бедра,I-PURPOSE
187,для,I-PURPOSE
187,ID,I-PURPOSE
187,"41789,",I-PURPOSE
187,Договор,O
187,№09-4,O
187,от,O
187,17.05.2022г.,O
188,Оплата,B-PAYMENT_TYPE
188,ИП,B-ORG
188,КЛОЧКОВ,I-ORG
188,Д.Г.,I-ORG
188,оборудования,B-PURPOSE
188,для,I-PURPOSE
188,ремесленного,I-PURPOSE
188,дома,I-PURPOSE
188,для,I-PURPOSE
188,людей,I-PURPOSE
188,с,I-PURPOSE
188,особыми,I-PURPOSE
188,потребностями,I-PURPOSE
188,"БПОО""Международной",B-ORG
188,Ассоциации,I-ORG
188,Социальных,I-ORG
188,"проектов""",I-ORG
189,Окончательная,B-PAYMENT_TYPE
189,оплата,I-PAYMENT_TYPE
189,ТОО,B-ORG
189,"""Базисный",I-ORG
189,"Магазин""",I-ORG
189,за,B-PURPOSE
189,оборудование,I-PURPOSE
189,для,I-PURPOSE
189,оснащения,I-PURPOSE
189,опорных,I-PURPOSE
189,"школ,",I-PURPOSE
189,Дог.,O
189,09-02-28/3,O
189,от,O
189,23.08.22г.,O
190,Oплата,B-PAYMENT_TYPE
190,ТОО,B-ORG
190,"""Базисный",I-ORG
190,"Магазин""",I-ORG
190,за,B-PURPOSE
190,оборудование,I-PURPOSE
190,для,I-PURPOSE
190,специальных,I-PURPOSE
190,"школ,",I-PURPOSE
190,Договор,O
190,№09-02-63,O
190,от,O
190,09.11.2022г.,O
191,Благотворительная,B-PAYMENT_TYPE
191,помощь,I-PAYMENT_TYPE
191,ОФ,B-ORG
191,«Қазақстан,I-ORG
191,халқына»,I-ORG
191,семьям,B-PURPOSE
191,7-и,I-PURPOSE
191,погибших,I-PURPOSE
191,граждан,I-PURPOSE
191,РК,I-PURPOSE
191,во,I-PURPOSE
191,время,I-PURPOSE
191,трагических,I-PURPOSE
191,"событий,",I-PURPOSE
191,произошедших,I-PURPOSE
191,в,I-PURPOSE
191,январе,I-PURPOSE
191,2022,I-PURPOSE
191,года,I-PURPOSE
191,и,I-PURPOSE
191,имеющих,I-PURPOSE
191,несовершеннолетних,I-PURPOSE
191,детей,I-PURPOSE
192,Возврат,B-PAYMENT_TYPE
192,средств,I-PAYMENT_TYPE
192,от,O
192,АО,B-ORG
192,"""Университет",I-ORG
192,КАЗГЮУ,I-ORG
192,им.,I-ORG
192,М.С.,I-ORG
192,Нарикбаева»,I-ORG
192,в,O
192,связи,O
192,с,O
192,отчислением,O
192,студентов,O
193,Возврат,B-PAYMENT_TYPE
193,средств,I-PAYMENT_TYPE
193,от,O
193,НАО,B-ORG
193,"""Торайгыров",I-ORG
193,"Университет""",I-ORG
193,в,O
193,связи,O
193,с,O
193,отчислением,O
193,студентов,O
194,Возврат,B-PAYMENT_TYPE
194,средств,I-PAYMENT_TYPE
194,от,O
194,УО,B-ORG
194,"""Казахстанско-Немецкий",I-ORG
194,Университет,I-ORG
194,в,I-ORG
194,"Алматы""",I-ORG
194,в,O
194,связи,O
194,с,O
194,отчислением,O
194,студентов,O
195,Благотворительная,B-PAYMENT_TYPE
195,помощь,I-PAYMENT_TYPE
195,ОФ,B-ORG
195,«Қазақстан,I-ORG
195,халқына»,I-ORG
195,семье,B-PURPOSE
195,погибшего,I-PURPOSE
195,гражданина,I-PURPOSE
195,РК,I-PURPOSE
195,во,I-PURPOSE
195,время,I-PURPOSE
195,трагических,I-PURPOSE
195,"событий,",I-PURPOSE
195,произошедших,I-PURPOSE
195,в,I-PURPOSE
195,январе,I-PURPOSE
195,2022,I-PURPOSE
195,года,I-PURPOSE
195,и,I-PURPOSE
195,имеющего,I-PURPOSE
195,несовершеннолетних,I-PURPOSE
195,детей,I-PURPOSE
196,Предоплата,B-PAYMENT_TYPE
196,50%,I-PAYMENT_TYPE
196,ТОО,B-ORG
196,"""Medicare",I-ORG
196,"International""",I-ORG
196,за,B-PURPOSE
196,изготовление,I-PURPOSE
196,протеза,I-PURPOSE
196,бедра,I-PURPOSE
196,для,I-PURPOSE
196,ID,I-PURPOSE
196,"41660,",I-PURPOSE
196,ID,I-PURPOSE
196,42424,I-PURPOSE
196,ID,I-PURPOSE
196,40803,I-PURPOSE
196,Договор,O
196,№09-4,O
196,от,O
196,17.05.2022г.,O
197,Оплата,B-PAYMENT_TYPE
197,ТОО,B-ORG
197,"""Базисный",I-ORG
197,"Магазин""",I-ORG
197,за,B-PURPOSE
197,оборудование,I-PURPOSE
197,для,I-PURPOSE
197,оснащения,I-PURPOSE
197,опорных,I-PURPOSE
197,"школ,",I-PURPOSE
197,Договор,O
197,09-02-44,O
197,от,O
197,22.09.22г.,O
198,Окончательная,B-PAYMENT_TYPE
198,оплата,I-PAYMENT_TYPE
198,50,I-PAYMENT_TYPE
198,%,I-PAYMENT_TYPE
198,ООО,B-ORG
198,"""Джунти",I-ORG
198,Психометрикс,I-ORG
198,"РУС""",I-ORG
198,за,B-PURPOSE
198,оборудование,I-PURPOSE
198,для,I-PURPOSE
198,оснащения,I-PURPOSE
198,"спец.школ,",I-PURPOSE
198,Договор,O
198,№09-02-99,O
198,от,O
198,08.12.2022г.,O
199,Окончательная,B-PAYMENT_TYPE
199,оплата,I-PAYMENT_TYPE
199,50,I-PAYMENT_TYPE
199,%,I-PAYMENT_TYPE
199,ООО,B-ORG
199,"""Исток",I-ORG
199,"Аудио""",I-ORG
199,за,B-PURPOSE
199,оборудование,I-PURPOSE
199,для,I-PURPOSE
199,оснащения,I-PURPOSE
199,специальных,I-PURPOSE
199,"школ,",I-PURPOSE
199,Договор,O
199,№09-02-110,O
199,от,O
199,19.12.2022,O
200,БП,B-PAYMENT_TYPE
200,Окончательная,I-PAYMENT_TYPE
200,оплата,I-PAYMENT_TYPE
200,50%,I-PAYMENT_TYPE
200,ТОО,B-ORG
200,"""МК-",I-ORG
200,ФАРМА,I-ORG
200,"""",I-ORG
200,за,B-PURPOSE
200,поставку,I-PURPOSE
200,"""Оснащения",I-PURPOSE
200,cпец.школ,I-PURPOSE
200,"орг"",",I-PURPOSE
200,по,O
200,Договор,O
200,№09-02-103,O
200,от,O
200,08.12.2022г.,O
200,№09-02-104,O
200,от,O
200,08.12.2022г.,O
200,№09-02-132,O
200,от,O
200,19.12.2022г.,O
200,№09-02-131,O
200,от,O
200,19.12.2022г.,O
200,№09-02-158,O
200,от,O
200,28.12.2022г.,O
200,№09-02-156,O
200,от,O
200,28.12.2022г.,O
